"Region";"Dato";"Døde";"Kummuleret antal døde"
;2020-02-26;0;0
;2020-02-27;0;0
;2020-02-28;0;0
;2020-03-01;0;0
;2020-03-02;0;0
;2020-03-03;0;0
;2020-03-04;0;0
;2020-03-05;0;0
;2020-03-06;0;0
;2020-03-07;0;0
;2020-03-08;0;0
;2020-03-09;0;0
;2020-03-10;0;0
;2020-03-11;0;0
;2020-03-12;0;0
;2020-03-13;0;0
Hovedstaden;2020-03-14;1;1
Hovedstaden;2020-03-15;1;2
Midtjylland;2020-03-15;1;3
Hovedstaden;2020-03-16;1;4
Hovedstaden;2020-03-17;1;5
Hovedstaden;2020-03-18;2;7
Sjælland;2020-03-18;1;8
Hovedstaden;2020-03-19;3;11
Midtjylland;2020-03-19;2;13
Hovedstaden;2020-03-20;2;15
Sjælland;2020-03-20;1;16
Syddanmark;2020-03-20;1;17
Hovedstaden;2020-03-21;3;20
Hovedstaden;2020-03-22;2;22
Midtjylland;2020-03-22;1;23
Sjælland;2020-03-23;1;24
Hovedstaden;2020-03-23;4;28
Midtjylland;2020-03-23;1;29
Hovedstaden;2020-03-24;1;30
Sjælland;2020-03-24;4;34
Nordjylland;2020-03-24;1;35
Syddanmark;2020-03-25;1;36
Hovedstaden;2020-03-25;2;38
Midtjylland;2020-03-25;1;39
Sjælland;2020-03-25;2;41
Hovedstaden;2020-03-26;6;47
Sjælland;2020-03-26;3;50
Syddanmark;2020-03-26;1;51
Syddanmark;2020-03-27;2;53
Nordjylland;2020-03-27;1;54
Sjælland;2020-03-27;2;56
Hovedstaden;2020-03-27;7;63
Nordjylland;2020-03-28;1;64
Midtjylland;2020-03-28;2;66
Hovedstaden;2020-03-28;4;70
Sjælland;2020-03-28;1;71
Syddanmark;2020-03-28;1;72
Syddanmark;2020-03-29;3;75
Hovedstaden;2020-03-29;2;77
Midtjylland;2020-03-29;2;79
Nordjylland;2020-03-29;1;80
Sjælland;2020-03-30;4;84
Midtjylland;2020-03-30;1;85
Hovedstaden;2020-03-30;6;91
Hovedstaden;2020-03-31;8;99
Nordjylland;2020-03-31;2;101
Syddanmark;2020-03-31;1;102
Sjælland;2020-03-31;3;105
Midtjylland;2020-03-31;1;106
Nordjylland;2020-04-01;1;107
Sjælland;2020-04-01;5;112
Hovedstaden;2020-04-01;13;125
Midtjylland;2020-04-01;2;127
Syddanmark;2020-04-01;1;128
Hovedstaden;2020-04-02;9;137
Sjælland;2020-04-02;4;141
Midtjylland;2020-04-02;4;145
Nordjylland;2020-04-02;1;146
Sjælland;2020-04-03;4;150
Syddanmark;2020-04-03;1;151
Hovedstaden;2020-04-03;14;165
Midtjylland;2020-04-03;1;166
Nordjylland;2020-04-04;1;167
Sjælland;2020-04-04;2;169
Midtjylland;2020-04-04;5;174
Hovedstaden;2020-04-04;7;181
Nordjylland;2020-04-05;1;182
Sjælland;2020-04-05;2;184
Midtjylland;2020-04-05;2;186
Hovedstaden;2020-04-05;6;192
Syddanmark;2020-04-05;1;193
Hovedstaden;2020-04-06;11;204
Syddanmark;2020-04-06;4;208
Sjælland;2020-04-06;2;210
Nordjylland;2020-04-07;1;211
Hovedstaden;2020-04-07;11;222
Sjælland;2020-04-08;4;226
Nordjylland;2020-04-08;1;227
Midtjylland;2020-04-08;2;229
Hovedstaden;2020-04-08;8;237
Sjælland;2020-04-09;1;238
Nordjylland;2020-04-09;1;239
Midtjylland;2020-04-09;3;242
Hovedstaden;2020-04-09;7;249
Nordjylland;2020-04-10;1;250
Midtjylland;2020-04-10;2;252
Hovedstaden;2020-04-10;10;262
Sjælland;2020-04-10;3;265
Midtjylland;2020-04-11;2;267
Sjælland;2020-04-11;2;269
Nordjylland;2020-04-11;1;270
Hovedstaden;2020-04-11;6;276
Syddanmark;2020-04-12;1;277
Midtjylland;2020-04-12;2;279
Hovedstaden;2020-04-12;8;287
Sjælland;2020-04-13;1;288
Syddanmark;2020-04-13;1;289
Hovedstaden;2020-04-13;8;297
Nordjylland;2020-04-13;2;299
Midtjylland;2020-04-13;4;303
Midtjylland;2020-04-14;3;306
Syddanmark;2020-04-14;1;307
Hovedstaden;2020-04-14;8;315
Sjælland;2020-04-15;1;316
Midtjylland;2020-04-15;3;319
Hovedstaden;2020-04-15;6;325
Hovedstaden;2020-04-16;5;330
Sjælland;2020-04-16;5;335
Syddanmark;2020-04-16;1;336
Midtjylland;2020-04-16;1;337
Sjælland;2020-04-17;4;341
Midtjylland;2020-04-17;1;342
Hovedstaden;2020-04-17;4;346
Syddanmark;2020-04-18;1;347
Sjælland;2020-04-18;1;348
Hovedstaden;2020-04-18;8;356
Midtjylland;2020-04-19;2;358
Syddanmark;2020-04-19;1;359
Hovedstaden;2020-04-19;3;362
Hovedstaden;2020-04-20;3;365
Nordjylland;2020-04-20;1;366
Syddanmark;2020-04-20;0;366
Midtjylland;2020-04-20;1;367
Sjælland;2020-04-20;2;369
Syddanmark;2020-04-21;1;370
Sjælland;2020-04-21;2;372
Hovedstaden;2020-04-21;8;380
Midtjylland;2020-04-21;1;381
Hovedstaden;2020-04-22;10;391
Sjælland;2020-04-22;2;393
Midtjylland;2020-04-22;1;394
Syddanmark;2020-04-22;1;395
Syddanmark;2020-04-23;1;396
Nordjylland;2020-04-23;1;397
Midtjylland;2020-04-23;1;398
Sjælland;2020-04-23;1;399
Hovedstaden;2020-04-23;6;405
Sjælland;2020-04-24;1;406
Hovedstaden;2020-04-24;5;411
Sjælland;2020-04-25;1;412
Hovedstaden;2020-04-25;4;416
Sjælland;2020-04-26;1;417
Hovedstaden;2020-04-26;4;421
Sjælland;2020-04-27;3;424
Hovedstaden;2020-04-27;5;429
Nordjylland;2020-04-27;1;430
Hovedstaden;2020-04-28;7;437
Midtjylland;2020-04-28;2;439
Sjælland;2020-04-28;1;440
Sjælland;2020-04-29;2;442
Midtjylland;2020-04-29;2;444
Hovedstaden;2020-04-29;5;449
Syddanmark;2020-04-30;1;450
Sjælland;2020-04-30;1;451
Hovedstaden;2020-04-30;5;456
Midtjylland;2020-04-30;2;458
Sjælland;2020-05-01;4;462
Syddanmark;2020-05-01;2;464
Midtjylland;2020-05-01;2;466
Hovedstaden;2020-05-01;3;469
Sjælland;2020-05-02;4;473
Hovedstaden;2020-05-02;4;477
Midtjylland;2020-05-03;2;479
Hovedstaden;2020-05-03;5;484
Sjælland;2020-05-03;2;486
Sjælland;2020-05-04;3;489
Midtjylland;2020-05-04;2;491
Hovedstaden;2020-05-04;2;493
Syddanmark;2020-05-05;0;493
Sjælland;2020-05-05;2;495
Hovedstaden;2020-05-05;1;496
Nordjylland;2020-05-06;0;496
Hovedstaden;2020-05-06;4;500
Sjælland;2020-05-06;2;502
Sjælland;2020-05-07;2;504
Hovedstaden;2020-05-07;4;508
Sjælland;2020-05-08;4;512
Hovedstaden;2020-05-08;0;512
Hovedstaden;2020-05-09;3;515
Midtjylland;2020-05-09;0;515
Hovedstaden;2020-05-10;2;517
Midtjylland;2020-05-10;2;519
Sjælland;2020-05-10;1;520
Syddanmark;2020-05-11;0;520
Midtjylland;2020-05-11;0;520
Hovedstaden;2020-05-11;4;524
Hovedstaden;2020-05-12;5;529
Sjælland;2020-05-12;2;531
Sjælland;2020-05-13;0;531
Hovedstaden;2020-05-13;5;536
Midtjylland;2020-05-14;0;536
Syddanmark;2020-05-15;1;537
Sjælland;2020-05-15;3;540
Hovedstaden;2020-05-15;2;542
Sjælland;2020-05-16;2;544
Hovedstaden;2020-05-16;1;545
Syddanmark;2020-05-17;1;546
Hovedstaden;2020-05-17;2;548
Sjælland;2020-05-18;3;551
Hovedstaden;2020-05-18;0;551
Hovedstaden;2020-05-19;1;552
Sjælland;2020-05-19;1;553
Nordjylland;2020-05-20;1;554
Sjælland;2020-05-20;1;555
Syddanmark;2020-05-20;1;556
Hovedstaden;2020-05-20;2;558
Sjælland;2020-05-21;0;558
Hovedstaden;2020-05-21;0;558
Hovedstaden;2020-05-22;1;559
Hovedstaden;2020-05-23;1;560
Sjælland;2020-05-23;0;560
Hovedstaden;2020-05-24;1;561
Sjælland;2020-05-25;0;561
Hovedstaden;2020-05-26;1;562
Syddanmark;2020-05-26;2;564
Midtjylland;2020-05-26;0;564
Sjælland;2020-05-27;1;565
Sjælland;2020-05-28;0;565
Hovedstaden;2020-05-28;0;565
Sjælland;2020-05-29;1;566
Midtjylland;2020-05-29;0;566
Hovedstaden;2020-05-29;0;566
Hovedstaden;2020-05-30;4;570
Hovedstaden;2020-05-31;2;572
Hovedstaden;2020-06-01;3;575
Midtjylland;2020-06-02;0;575
Hovedstaden;2020-06-02;1;576
Hovedstaden;2020-06-03;1;577
Hovedstaden;2020-06-04;3;580
Sjælland;2020-06-04;1;581
Sjælland;2020-06-05;0;581
Syddanmark;2020-06-05;1;582
Hovedstaden;2020-06-05;1;583
Hovedstaden;2020-06-06;3;586
Sjælland;2020-06-07;1;587
Hovedstaden;2020-06-07;1;588
Hovedstaden;2020-06-08;0;588
Hovedstaden;2020-06-09;0;588
Sjælland;2020-06-10;0;588
Hovedstaden;2020-06-10;0;588
Sjælland;2020-06-11;1;589
Sjælland;2020-06-12;2;591
Hovedstaden;2020-06-12;1;592
Hovedstaden;2020-06-13;0;592
Hovedstaden;2020-06-14;1;593
;2020-06-15;0;593
Hovedstaden;2020-06-16;1;594
Hovedstaden;2020-06-17;1;595
Hovedstaden;2020-06-18;1;596
Nordjylland;2020-06-19;1;597
Hovedstaden;2020-06-20;1;598
;2020-06-21;0;598
;2020-06-22;0;598
Sjælland;2020-06-23;1;599
;2020-06-24;0;599
Nordjylland;2020-06-25;1;600
;2020-06-26;0;600
;2020-06-27;0;600
Hovedstaden;2020-06-28;0;600
Nordjylland;2020-06-28;1;601
Sjælland;2020-06-29;0;601
;2020-06-30;0;601
;2020-07-01;0;601
Sjælland;2020-07-02;0;601
;2020-07-03;0;601
Hovedstaden;2020-07-04;1;602
;2020-07-05;0;602
Hovedstaden;2020-07-06;2;604
;2020-07-07;0;604
;2020-07-08;0;604
;2020-07-09;0;604
Hovedstaden;2020-07-10;1;605
;2020-07-11;0;605
;2020-07-12;0;605
;2020-07-13;0;605
;2020-07-14;0;605
;2020-07-15;0;605
;2020-07-16;0;605
Hovedstaden;2020-07-17;1;606
;2020-07-18;0;606
;2020-07-19;0;606
;2020-07-20;0;606
Nordjylland;2020-07-21;0;606
Hovedstaden;2020-07-22;2;608
;2020-07-23;0;608
Hovedstaden;2020-07-24;0;608
Syddanmark;2020-07-25;0;608
;2020-07-26;0;608
;2020-07-27;0;608
Sjælland;2020-07-28;1;609
Nordjylland;2020-07-29;1;610
Hovedstaden;2020-07-29;0;610
;2020-07-30;0;610
Sjælland;2020-07-31;1;611
;2020-08-01;0;611
;2020-08-02;0;611
;2020-08-03;0;611
;2020-08-04;0;611
Hovedstaden;2020-08-05;1;612
;2020-08-06;0;612
;2020-08-07;0;612
Hovedstaden;2020-08-08;1;613
Sjælland;2020-08-09;1;614
Hovedstaden;2020-08-09;1;615
Midtjylland;2020-08-10;1;616
Nordjylland;2020-08-11;0;616
Sjælland;2020-08-12;0;616
;2020-08-13;0;616
;2020-08-14;0;616
;2020-08-15;0;616
;2020-08-16;0;616
;2020-08-17;0;616
;2020-08-18;0;616
;2020-08-19;0;616
;2020-08-20;0;616
Hovedstaden;2020-08-21;0;616
Midtjylland;2020-08-21;1;617
Nordjylland;2020-08-22;1;618
;2020-08-23;0;618
;2020-08-24;0;618
Nordjylland;2020-08-25;1;619
;2020-08-26;0;619
;2020-08-27;0;619
;2020-08-28;0;619
;2020-08-29;0;619
;2020-08-30;0;619
Syddanmark;2020-08-31;1;620
Nordjylland;2020-08-31;1;621
;2020-09-01;0;621
;2020-09-02;0;621
Nordjylland;2020-09-03;1;622
;2020-09-04;0;622
;2020-09-05;0;622
Hovedstaden;2020-09-06;1;623
;2020-09-07;0;623
;2020-09-08;0;623
Syddanmark;2020-09-09;1;624
;2020-09-10;0;624
Nordjylland;2020-09-11;1;625
Hovedstaden;2020-09-12;1;626
Hovedstaden;2020-09-13;2;628
;2020-09-14;0;628
Hovedstaden;2020-09-15;1;629
Nordjylland;2020-09-16;1;630
Midtjylland;2020-09-17;0;630
;2020-09-18;0;630
Hovedstaden;2020-09-19;3;633
Hovedstaden;2020-09-20;2;635
Sjælland;2020-09-20;1;636
Hovedstaden;2020-09-21;1;637
Nordjylland;2020-09-22;1;638
Hovedstaden;2020-09-22;1;639
Hovedstaden;2020-09-23;1;640
Midtjylland;2020-09-24;0;640
Hovedstaden;2020-09-24;1;641
Sjælland;2020-09-24;1;642
Hovedstaden;2020-09-25;1;643
Nordjylland;2020-09-26;0;643
Hovedstaden;2020-09-26;1;644
;2020-09-27;0;644
Hovedstaden;2020-09-28;1;645
Nordjylland;2020-09-29;1;646
;2020-09-30;0;646
Nordjylland;2020-10-01;1;647
Midtjylland;2020-10-01;1;648
Hovedstaden;2020-10-02;2;650
Hovedstaden;2020-10-03;2;652
Syddanmark;2020-10-03;1;653
Nordjylland;2020-10-04;1;654
Midtjylland;2020-10-04;1;655
Hovedstaden;2020-10-04;1;656
Nordjylland;2020-10-05;1;657
Hovedstaden;2020-10-05;1;658
;2020-10-06;0;658
Syddanmark;2020-10-07;1;659
Nordjylland;2020-10-08;1;660
Midtjylland;2020-10-08;1;661
Hovedstaden;2020-10-08;1;662
Hovedstaden;2020-10-09;1;663
Hovedstaden;2020-10-10;3;666
Sjælland;2020-10-11;1;667
Hovedstaden;2020-10-11;1;668
Hovedstaden;2020-10-12;3;671
Nordjylland;2020-10-13;1;672
Hovedstaden;2020-10-14;1;673
;2020-10-15;0;673
Nordjylland;2020-10-16;1;674
Syddanmark;2020-10-16;1;675
Syddanmark;2020-10-17;4;679
Nordjylland;2020-10-17;1;680
Hovedstaden;2020-10-18;1;681
Syddanmark;2020-10-18;2;683
Midtjylland;2020-10-19;0;683
Hovedstaden;2020-10-19;1;684
Hovedstaden;2020-10-20;2;686
Syddanmark;2020-10-20;1;687
Nordjylland;2020-10-21;2;689
Hovedstaden;2020-10-21;2;691
Syddanmark;2020-10-22;1;692
Nordjylland;2020-10-22;0;692
Hovedstaden;2020-10-22;3;695
Nordjylland;2020-10-23;1;696
Syddanmark;2020-10-23;1;697
Midtjylland;2020-10-23;1;698
Hovedstaden;2020-10-23;2;700
Syddanmark;2020-10-24;1;701
Hovedstaden;2020-10-24;2;703
Midtjylland;2020-10-25;1;704
Hovedstaden;2020-10-25;2;706
Sjælland;2020-10-26;1;707
Nordjylland;2020-10-26;1;708
Midtjylland;2020-10-26;1;709
Hovedstaden;2020-10-26;0;709
Hovedstaden;2020-10-27;2;711
Nordjylland;2020-10-28;1;712
Hovedstaden;2020-10-28;2;714
Sjælland;2020-10-28;0;714
Syddanmark;2020-10-29;1;715
Nordjylland;2020-10-29;1;716
Hovedstaden;2020-10-30;1;717
Sjælland;2020-10-31;0;717
Hovedstaden;2020-10-31;2;719
Syddanmark;2020-11-01;1;720
Nordjylland;2020-11-02;1;721
Hovedstaden;2020-11-02;3;724
Midtjylland;2020-11-03;1;725
Hovedstaden;2020-11-03;1;726
Nordjylland;2020-11-03;1;727
Sjælland;2020-11-04;1;728
Midtjylland;2020-11-04;1;729
Hovedstaden;2020-11-04;3;732
Nordjylland;2020-11-04;0;732
Sjælland;2020-11-05;2;734
Syddanmark;2020-11-05;1;735
Sjælland;2020-11-06;1;736
Nordjylland;2020-11-06;2;738
Midtjylland;2020-11-06;1;739
Hovedstaden;2020-11-06;0;739
Nordjylland;2020-11-07;1;740
Sjælland;2020-11-08;2;742
Midtjylland;2020-11-08;1;743
Hovedstaden;2020-11-08;1;744
Syddanmark;2020-11-09;0;744
Midtjylland;2020-11-09;2;746
Hovedstaden;2020-11-09;2;748
Syddanmark;2020-11-10;1;749
Hovedstaden;2020-11-10;1;750
Hovedstaden;2020-11-11;1;751
Syddanmark;2020-11-12;0;751
Midtjylland;2020-11-12;1;752
Syddanmark;2020-11-13;1;753
Syddanmark;2020-11-14;1;754
Sjælland;2020-11-14;1;755
Nordjylland;2020-11-14;2;757
Midtjylland;2020-11-14;1;758
Hovedstaden;2020-11-15;3;761
Midtjylland;2020-11-16;1;762
Hovedstaden;2020-11-16;3;765
Nordjylland;2020-11-17;1;766
Midtjylland;2020-11-17;2;768
Sjælland;2020-11-18;0;768
Midtjylland;2020-11-18;2;770
Hovedstaden;2020-11-18;3;773
Nordjylland;2020-11-19;1;774
Hovedstaden;2020-11-19;2;776
Midtjylland;2020-11-20;1;777
Hovedstaden;2020-11-20;3;780
Sjælland;2020-11-21;2;782
Nordjylland;2020-11-21;2;784
Midtjylland;2020-11-21;1;785
Sjælland;2020-11-22;2;787
Midtjylland;2020-11-22;2;789
Hovedstaden;2020-11-22;2;791
Midtjylland;2020-11-23;1;792
Hovedstaden;2020-11-23;2;794
Syddanmark;2020-11-24;1;795
Sjælland;2020-11-24;1;796
Midtjylland;2020-11-24;3;799
Hovedstaden;2020-11-24;1;800
Midtjylland;2020-11-25;4;804
Hovedstaden;2020-11-25;4;808
Sjælland;2020-11-26;1;809
Hovedstaden;2020-11-26;3;812
Nordjylland;2020-11-27;1;813
Midtjylland;2020-11-27;3;816
Hovedstaden;2020-11-27;4;820
Sjælland;2020-11-28;1;821
Nordjylland;2020-11-28;1;822
Midtjylland;2020-11-28;2;824
Hovedstaden;2020-11-28;2;826
Nordjylland;2020-11-29;2;828
Midtjylland;2020-11-29;5;833
Hovedstaden;2020-11-29;4;837
Nordjylland;2020-11-30;1;838
Midtjylland;2020-11-30;2;840
Hovedstaden;2020-11-30;4;844
Nordjylland;2020-12-01;2;846
Midtjylland;2020-12-01;2;848
Hovedstaden;2020-12-01;5;853
Syddanmark;2020-12-02;1;854
Sjælland;2020-12-02;1;855
Midtjylland;2020-12-02;2;857
Hovedstaden;2020-12-02;2;859
Syddanmark;2020-12-03;1;860
Sjælland;2020-12-03;3;863
Midtjylland;2020-12-03;3;866
Hovedstaden;2020-12-03;4;870
Syddanmark;2020-12-04;2;872
Midtjylland;2020-12-04;2;874
Hovedstaden;2020-12-04;3;877
Syddanmark;2020-12-05;2;879
Sjælland;2020-12-05;2;881
Midtjylland;2020-12-05;1;882
Hovedstaden;2020-12-05;5;887
Midtjylland;2020-12-06;0;887
Hovedstaden;2020-12-06;9;896
Syddanmark;2020-12-07;1;897
Midtjylland;2020-12-07;1;898
Hovedstaden;2020-12-07;4;902
Syddanmark;2020-12-08;1;903
Midtjylland;2020-12-08;4;907
Hovedstaden;2020-12-08;2;909
Syddanmark;2020-12-09;1;910
Sjælland;2020-12-09;0;910
Midtjylland;2020-12-09;3;913
Hovedstaden;2020-12-09;6;919
Syddanmark;2020-12-10;1;920
Midtjylland;2020-12-10;2;922
Hovedstaden;2020-12-10;4;926
Syddanmark;2020-12-11;1;927
Sjælland;2020-12-11;2;929
Midtjylland;2020-12-11;1;930
Hovedstaden;2020-12-11;3;933
Syddanmark;2020-12-12;0;933
Sjælland;2020-12-12;1;934
Midtjylland;2020-12-12;1;935
Hovedstaden;2020-12-12;5;940
Syddanmark;2020-12-13;2;942
Midtjylland;2020-12-13;2;944
Hovedstaden;2020-12-13;7;951
Syddanmark;2020-12-14;1;952
Nordjylland;2020-12-14;1;953
Midtjylland;2020-12-14;2;955
Hovedstaden;2020-12-14;7;962
Syddanmark;2020-12-15;1;963
Sjælland;2020-12-15;2;965
Nordjylland;2020-12-15;1;966
Midtjylland;2020-12-15;1;967
Hovedstaden;2020-12-15;11;978
Sjælland;2020-12-16;2;980
Nordjylland;2020-12-16;1;981
Midtjylland;2020-12-16;3;984
Hovedstaden;2020-12-16;8;992
Syddanmark;2020-12-17;1;993
Sjælland;2020-12-17;2;995
Nordjylland;2020-12-17;1;996
Midtjylland;2020-12-17;3;999
Hovedstaden;2020-12-17;8;1007
Sjælland;2020-12-18;4;1011
Midtjylland;2020-12-18;0;1011
Hovedstaden;2020-12-18;7;1018
Sjælland;2020-12-19;1;1019
Midtjylland;2020-12-19;5;1024
Hovedstaden;2020-12-19;14;1038
Midtjylland;2020-12-20;2;1040
Hovedstaden;2020-12-20;12;1052
Syddanmark;2020-12-20;1;1053
Sjælland;2020-12-20;3;1056
Nordjylland;2020-12-20;1;1057
Syddanmark;2020-12-21;1;1058
Sjælland;2020-12-21;3;1061
Nordjylland;2020-12-21;0;1061
Midtjylland;2020-12-21;3;1064
Hovedstaden;2020-12-21;12;1076
Syddanmark;2020-12-22;1;1077
Sjælland;2020-12-22;6;1083
Nordjylland;2020-12-22;1;1084
Midtjylland;2020-12-22;1;1085
Hovedstaden;2020-12-22;12;1097
Syddanmark;2020-12-23;1;1098
Sjælland;2020-12-23;6;1104
Midtjylland;2020-12-23;1;1105
Hovedstaden;2020-12-23;11;1116
Syddanmark;2020-12-24;1;1117
Sjælland;2020-12-24;5;1122
Nordjylland;2020-12-24;2;1124
Midtjylland;2020-12-24;1;1125
Hovedstaden;2020-12-24;13;1138
Syddanmark;2020-12-25;4;1142
Sjælland;2020-12-25;2;1144
Nordjylland;2020-12-25;1;1145
Midtjylland;2020-12-25;5;1150
Hovedstaden;2020-12-25;9;1159
Syddanmark;2020-12-26;4;1163
Sjælland;2020-12-26;5;1168
Nordjylland;2020-12-26;1;1169
Midtjylland;2020-12-26;3;1172
Hovedstaden;2020-12-26;13;1185
Syddanmark;2020-12-27;1;1186
Sjælland;2020-12-27;5;1191
Nordjylland;2020-12-27;3;1194
Midtjylland;2020-12-27;5;1199
Hovedstaden;2020-12-27;14;1213
Syddanmark;2020-12-28;2;1215
Sjælland;2020-12-28;2;1217
Nordjylland;2020-12-28;1;1218
Midtjylland;2020-12-28;6;1224
Hovedstaden;2020-12-28;14;1238
Syddanmark;2020-12-29;5;1243
Sjælland;2020-12-29;7;1250
Nordjylland;2020-12-29;3;1253
Midtjylland;2020-12-29;4;1257
Hovedstaden;2020-12-29;13;1270
Syddanmark;2020-12-30;2;1272
Sjælland;2020-12-30;5;1277
Midtjylland;2020-12-30;2;1279
Hovedstaden;2020-12-30;19;1298
Syddanmark;2020-12-31;5;1303
Sjælland;2020-12-31;5;1308
Midtjylland;2020-12-31;5;1313
Hovedstaden;2020-12-31;18;1331
Syddanmark;2021-01-01;2;1333
Sjælland;2021-01-01;3;1336
Nordjylland;2021-01-01;1;1337
Midtjylland;2021-01-01;2;1339
Hovedstaden;2021-01-01;13;1352
Syddanmark;2021-01-02;2;1354
Sjælland;2021-01-02;4;1358
Nordjylland;2021-01-02;2;1360
Midtjylland;2021-01-02;6;1366
Hovedstaden;2021-01-02;18;1384
Syddanmark;2021-01-03;1;1385
Sjælland;2021-01-03;4;1389
Nordjylland;2021-01-03;1;1390
Midtjylland;2021-01-03;6;1396
Hovedstaden;2021-01-03;16;1412
Syddanmark;2021-01-04;1;1413
Sjælland;2021-01-04;4;1417
Nordjylland;2021-01-04;2;1419
Midtjylland;2021-01-04;2;1421
Hovedstaden;2021-01-04;18;1439
Syddanmark;2021-01-05;0;1439
Sjælland;2021-01-05;2;1441
Nordjylland;2021-01-05;5;1446
Midtjylland;2021-01-05;3;1449
Hovedstaden;2021-01-05;11;1460
Syddanmark;2021-01-06;3;1463
Sjælland;2021-01-06;8;1471
Nordjylland;2021-01-06;5;1476
Midtjylland;2021-01-06;5;1481
Hovedstaden;2021-01-06;15;1496
Syddanmark;2021-01-07;1;1497
Sjælland;2021-01-07;5;1502
Nordjylland;2021-01-07;3;1505
Midtjylland;2021-01-07;4;1509
Hovedstaden;2021-01-07;16;1525
Syddanmark;2021-01-08;3;1528
Sjælland;2021-01-08;3;1531
Nordjylland;2021-01-08;3;1534
Midtjylland;2021-01-08;4;1538
Hovedstaden;2021-01-08;13;1551
Syddanmark;2021-01-09;2;1553
Sjælland;2021-01-09;5;1558
Nordjylland;2021-01-09;2;1560
Midtjylland;2021-01-09;5;1565
Hovedstaden;2021-01-09;9;1574
Syddanmark;2021-01-10;3;1577
Sjælland;2021-01-10;8;1585
Nordjylland;2021-01-10;2;1587
Midtjylland;2021-01-10;9;1596
Hovedstaden;2021-01-10;13;1609
Syddanmark;2021-01-11;3;1612
Sjælland;2021-01-11;2;1614
Nordjylland;2021-01-11;2;1616
Midtjylland;2021-01-11;4;1620
Hovedstaden;2021-01-11;14;1634
Syddanmark;2021-01-12;7;1641
Sjælland;2021-01-12;6;1647
Nordjylland;2021-01-12;2;1649
Midtjylland;2021-01-12;6;1655
Hovedstaden;2021-01-12;17;1672
Syddanmark;2021-01-13;2;1674
Sjælland;2021-01-13;3;1677
Nordjylland;2021-01-13;2;1679
Midtjylland;2021-01-13;5;1684
Hovedstaden;2021-01-13;18;1702
Syddanmark;2021-01-14;3;1705
Sjælland;2021-01-14;4;1709
Nordjylland;2021-01-14;2;1711
Midtjylland;2021-01-14;6;1717
Hovedstaden;2021-01-14;14;1731
Sjælland;2021-01-15;3;1734
Nordjylland;2021-01-15;2;1736
Midtjylland;2021-01-15;5;1741
Hovedstaden;2021-01-15;16;1757
Syddanmark;2021-01-16;4;1761
Sjælland;2021-01-16;6;1767
Nordjylland;2021-01-16;4;1771
Midtjylland;2021-01-16;4;1775
Hovedstaden;2021-01-16;13;1788
Syddanmark;2021-01-17;2;1790
Sjælland;2021-01-17;5;1795
Nordjylland;2021-01-17;3;1798
Midtjylland;2021-01-17;4;1802
Hovedstaden;2021-01-17;15;1817
Syddanmark;2021-01-18;4;1821
Sjælland;2021-01-18;5;1826
Nordjylland;2021-01-18;1;1827
Midtjylland;2021-01-18;4;1831
Hovedstaden;2021-01-18;15;1846
Syddanmark;2021-01-19;3;1849
Sjælland;2021-01-19;3;1852
Nordjylland;2021-01-19;3;1855
Midtjylland;2021-01-19;8;1863
Hovedstaden;2021-01-19;22;1885
Syddanmark;2021-01-20;1;1886
Sjælland;2021-01-20;8;1894
Nordjylland;2021-01-20;3;1897
Midtjylland;2021-01-20;5;1902
Hovedstaden;2021-01-20;12;1914
Syddanmark;2021-01-21;1;1915
Sjælland;2021-01-21;4;1919
Nordjylland;2021-01-21;3;1922
Midtjylland;2021-01-21;4;1926
Hovedstaden;2021-01-21;15;1941
Syddanmark;2021-01-22;2;1943
Sjælland;2021-01-22;6;1949
Nordjylland;2021-01-22;3;1952
Midtjylland;2021-01-22;3;1955
Hovedstaden;2021-01-22;10;1965
Syddanmark;2021-01-23;2;1967
Sjælland;2021-01-23;6;1973
Midtjylland;2021-01-23;6;1979
Hovedstaden;2021-01-23;12;1991
Syddanmark;2021-01-24;3;1994
Sjælland;2021-01-24;2;1996
Nordjylland;2021-01-24;3;1999
Midtjylland;2021-01-24;4;2003
Hovedstaden;2021-01-24;8;2011
Syddanmark;2021-01-25;3;2014
Sjælland;2021-01-25;4;2018
Nordjylland;2021-01-25;3;2021
Midtjylland;2021-01-25;6;2027
Hovedstaden;2021-01-25;9;2036
Syddanmark;2021-01-26;2;2038
Sjælland;2021-01-26;1;2039
Nordjylland;2021-01-26;1;2040
Midtjylland;2021-01-26;1;2041
Hovedstaden;2021-01-26;15;2056
Syddanmark;2021-01-27;1;2057
Sjælland;2021-01-27;4;2061
Nordjylland;2021-01-27;1;2062
Midtjylland;2021-01-27;0;2062
Hovedstaden;2021-01-27;11;2073
Syddanmark;2021-01-28;2;2075
Sjælland;2021-01-28;2;2077
Nordjylland;2021-01-28;2;2079
Midtjylland;2021-01-28;4;2083
Hovedstaden;2021-01-28;9;2092
Syddanmark;2021-01-29;3;2095
Sjælland;2021-01-29;3;2098
Nordjylland;2021-01-29;1;2099
Midtjylland;2021-01-29;2;2101
Hovedstaden;2021-01-29;10;2111
Syddanmark;2021-01-30;2;2113
Sjælland;2021-01-30;3;2116
Nordjylland;2021-01-30;2;2118
Midtjylland;2021-01-30;1;2119
Hovedstaden;2021-01-30;11;2130
Syddanmark;2021-01-31;3;2133
Sjælland;2021-01-31;1;2134
Nordjylland;2021-01-31;1;2135
Midtjylland;2021-01-31;1;2136
Hovedstaden;2021-01-31;10;2146
Syddanmark;2021-02-01;0;2146
Sjælland;2021-02-01;2;2148
Nordjylland;2021-02-01;2;2150
Midtjylland;2021-02-01;3;2153
Hovedstaden;2021-02-01;6;2159
Syddanmark;2021-02-02;3;2162
Sjælland;2021-02-02;1;2163
Nordjylland;2021-02-02;1;2164
Midtjylland;2021-02-02;1;2165
Hovedstaden;2021-02-02;4;2169
Syddanmark;2021-02-03;1;2170
Sjælland;2021-02-03;5;2175
Nordjylland;2021-02-03;1;2176
Midtjylland;2021-02-03;4;2180
Hovedstaden;2021-02-03;6;2186
Syddanmark;2021-02-04;1;2187
Sjælland;2021-02-04;2;2189
Midtjylland;2021-02-04;1;2190
Hovedstaden;2021-02-04;10;2200
Syddanmark;2021-02-05;2;2202
Sjælland;2021-02-05;1;2203
Nordjylland;2021-02-05;1;2204
Midtjylland;2021-02-05;1;2205
Hovedstaden;2021-02-05;6;2211
Syddanmark;2021-02-06;0;2211
Sjælland;2021-02-06;1;2212
Nordjylland;2021-02-06;1;2213
Midtjylland;2021-02-06;1;2214
Hovedstaden;2021-02-06;4;2218
Sjælland;2021-02-07;1;2219
Nordjylland;2021-02-07;4;2223
Midtjylland;2021-02-07;0;2223
Hovedstaden;2021-02-07;3;2226
Syddanmark;2021-02-08;5;2231
Sjælland;2021-02-08;1;2232
Midtjylland;2021-02-08;2;2234
Hovedstaden;2021-02-08;5;2239
Syddanmark;2021-02-09;2;2241
Sjælland;2021-02-09;2;2243
Nordjylland;2021-02-09;0;2243
Hovedstaden;2021-02-09;12;2255
Syddanmark;2021-02-10;2;2257
Sjælland;2021-02-10;3;2260
Nordjylland;2021-02-10;3;2263
Midtjylland;2021-02-10;0;2263
Hovedstaden;2021-02-10;4;2267
Syddanmark;2021-02-11;2;2269
Sjælland;2021-02-11;0;2269
Nordjylland;2021-02-11;3;2272
Midtjylland;2021-02-11;0;2272
Hovedstaden;2021-02-11;4;2276
Syddanmark;2021-02-12;1;2277
Sjælland;2021-02-12;1;2278
Nordjylland;2021-02-12;2;2280
Midtjylland;2021-02-12;0;2280
Hovedstaden;2021-02-12;3;2283
Sjælland;2021-02-13;2;2285
Nordjylland;2021-02-13;1;2286
Midtjylland;2021-02-13;1;2287
Hovedstaden;2021-02-13;5;2292
Hovedstaden;2021-02-14;5;2297
Syddanmark;2021-02-15;3;2300
Sjælland;2021-02-15;0;2300
Nordjylland;2021-02-15;2;2302
Midtjylland;2021-02-15;0;2302
Hovedstaden;2021-02-15;2;2304
Sjælland;2021-02-16;1;2305
Nordjylland;2021-02-16;0;2305
Midtjylland;2021-02-16;1;2306
Hovedstaden;2021-02-16;1;2307
Syddanmark;2021-02-17;2;2309
Sjælland;2021-02-17;1;2310
Nordjylland;2021-02-17;1;2311
Midtjylland;2021-02-17;0;2311
Hovedstaden;2021-02-17;2;2313
Syddanmark;2021-02-18;1;2314
Sjælland;2021-02-18;1;2315
Nordjylland;2021-02-18;0;2315
Midtjylland;2021-02-18;3;2318
Hovedstaden;2021-02-18;4;2322
Syddanmark;2021-02-19;0;2322
Nordjylland;2021-02-19;0;2322
Hovedstaden;2021-02-19;4;2326
Syddanmark;2021-02-20;2;2328
Sjælland;2021-02-20;0;2328
Midtjylland;2021-02-20;0;2328
Hovedstaden;2021-02-20;3;2331
Syddanmark;2021-02-21;0;2331
Sjælland;2021-02-21;1;2332
Midtjylland;2021-02-21;1;2333
Hovedstaden;2021-02-21;3;2336
Syddanmark;2021-02-22;0;2336
Sjælland;2021-02-22;0;2336
Nordjylland;2021-02-22;0;2336
Midtjylland;2021-02-22;0;2336
Hovedstaden;2021-02-22;0;2336
Syddanmark;2021-02-23;2;2338
Sjælland;2021-02-23;0;2338
Hovedstaden;2021-02-23;0;2338
Syddanmark;2021-02-24;2;2340
Sjælland;2021-02-24;3;2343
Nordjylland;2021-02-24;1;2344
Hovedstaden;2021-02-24;1;2345
Syddanmark;2021-02-25;0;2345
Sjælland;2021-02-25;0;2345
Nordjylland;2021-02-25;0;2345
Hovedstaden;2021-02-25;1;2346
Syddanmark;2021-02-26;1;2347
Sjælland;2021-02-26;0;2347
Midtjylland;2021-02-26;1;2348
Hovedstaden;2021-02-26;2;2350
Syddanmark;2021-02-27;1;2351
Sjælland;2021-02-27;1;2352
Nordjylland;2021-02-27;1;2353
Midtjylland;2021-02-27;0;2353
Hovedstaden;2021-02-27;1;2354
Sjælland;2021-02-28;1;2355
Hovedstaden;2021-02-28;2;2357
Sjælland;2021-03-01;1;2358
Nordjylland;2021-03-01;0;2358
Hovedstaden;2021-03-01;0;2358
Midtjylland;2021-03-02;1;2359
Hovedstaden;2021-03-02;3;2362
Syddanmark;2021-03-03;1;2363
Sjælland;2021-03-03;1;2364
Midtjylland;2021-03-03;0;2364
Hovedstaden;2021-03-03;1;2365
Sjælland;2021-03-04;0;2365
Hovedstaden;2021-03-04;2;2367
Syddanmark;2021-03-05;0;2367
Nordjylland;2021-03-05;0;2367
Hovedstaden;2021-03-05;0;2367
Sjælland;2021-03-06;1;2368
Midtjylland;2021-03-06;0;2368
Hovedstaden;2021-03-06;1;2369
Sjælland;2021-03-07;1;2370
Nordjylland;2021-03-07;0;2370
Hovedstaden;2021-03-07;1;2371
Hovedstaden;2021-03-08;0;2371
Sjælland;2021-03-09;1;2372
Hovedstaden;2021-03-09;1;2373
Syddanmark;2021-03-10;1;2374
Sjælland;2021-03-10;1;2375
Nordjylland;2021-03-10;0;2375
Hovedstaden;2021-03-10;1;2376
Sjælland;2021-03-11;1;2377
Nordjylland;2021-03-11;1;2378
Midtjylland;2021-03-11;1;2379
Sjælland;2021-03-12;1;2380
Hovedstaden;2021-03-12;1;2381
Syddanmark;2021-03-13;1;2382
Hovedstaden;2021-03-13;0;2382
Sjælland;2021-03-14;1;2383
Hovedstaden;2021-03-14;1;2384
Sjælland;2021-03-15;1;2385
Hovedstaden;2021-03-15;1;2386
Hovedstaden;2021-03-16;0;2386
Syddanmark;2021-03-17;0;2386
Hovedstaden;2021-03-17;2;2388
;2021-03-18;0;2388
Syddanmark;2021-03-19;1;2389
Sjælland;2021-03-19;1;2390
Hovedstaden;2021-03-19;1;2391
Hovedstaden;2021-03-20;0;2391
Sjælland;2021-03-21;0;2391
Hovedstaden;2021-03-21;1;2392
Hovedstaden;2021-03-22;1;2393
Sjælland;2021-03-23;1;2394
Hovedstaden;2021-03-23;0;2394
Syddanmark;2021-03-24;1;2395
Sjælland;2021-03-24;4;2399
Midtjylland;2021-03-24;1;2400
Hovedstaden;2021-03-24;2;2402
Hovedstaden;2021-03-25;0;2402
Syddanmark;2021-03-26;1;2403
Sjælland;2021-03-26;1;2404
Hovedstaden;2021-03-27;1;2405
;2021-03-28;0;2405
Midtjylland;2021-03-29;0;2405
Hovedstaden;2021-03-29;1;2406
Syddanmark;2021-03-30;0;2406
Sjælland;2021-03-30;2;2408
Hovedstaden;2021-03-30;1;2409
Sjælland;2021-03-31;1;2410
Midtjylland;2021-03-31;0;2410
Hovedstaden;2021-03-31;3;2413
Hovedstaden;2021-04-01;1;2414
Syddanmark;2021-04-02;1;2415
Hovedstaden;2021-04-02;3;2418
Hovedstaden;2021-04-03;1;2419
Hovedstaden;2021-04-04;1;2420
Sjælland;2021-04-05;1;2421
Midtjylland;2021-04-05;1;2422
Hovedstaden;2021-04-05;1;2423
Syddanmark;2021-04-06;0;2423
Sjælland;2021-04-06;1;2424
Sjælland;2021-04-07;0;2424
Midtjylland;2021-04-07;1;2425
Syddanmark;2021-04-08;1;2426
Sjælland;2021-04-08;0;2426
Midtjylland;2021-04-08;1;2427
Syddanmark;2021-04-09;2;2429
Hovedstaden;2021-04-09;0;2429
Sjælland;2021-04-10;1;2430
Midtjylland;2021-04-10;1;2431
Syddanmark;2021-04-11;1;2432
Nordjylland;2021-04-11;1;2433
Hovedstaden;2021-04-11;1;2434
Midtjylland;2021-04-12;1;2435
Hovedstaden;2021-04-12;1;2436
;2021-04-13;0;2436
Midtjylland;2021-04-14;1;2437
Hovedstaden;2021-04-14;1;2438
Hovedstaden;2021-04-15;2;2440
Syddanmark;2021-04-16;1;2441
Nordjylland;2021-04-16;2;2443
Midtjylland;2021-04-16;2;2445
Hovedstaden;2021-04-16;0;2445
Nordjylland;2021-04-17;1;2446
Midtjylland;2021-04-17;1;2447
Hovedstaden;2021-04-17;1;2448
Syddanmark;2021-04-18;1;2449
Sjælland;2021-04-18;1;2450
Midtjylland;2021-04-18;1;2451
Hovedstaden;2021-04-18;0;2451
Hovedstaden;2021-04-19;2;2453
Hovedstaden;2021-04-20;3;2456
Nordjylland;2021-04-21;1;2457
Midtjylland;2021-04-21;1;2458
Hovedstaden;2021-04-21;2;2460
Sjælland;2021-04-22;0;2460
Hovedstaden;2021-04-22;3;2463
Hovedstaden;2021-04-23;1;2464
Hovedstaden;2021-04-24;2;2466
Sjælland;2021-04-25;0;2466
Hovedstaden;2021-04-25;1;2467
Hovedstaden;2021-04-26;1;2468
Syddanmark;2021-04-27;0;2468
Nordjylland;2021-04-27;2;2470
Hovedstaden;2021-04-27;1;2471
Syddanmark;2021-04-28;1;2472
Hovedstaden;2021-04-28;1;2473
Hovedstaden;2021-04-29;2;2475
Hovedstaden;2021-04-30;3;2478
Hovedstaden;2021-05-01;1;2479
Hovedstaden;2021-05-02;1;2480
Hovedstaden;2021-05-03;0;2480
Nordjylland;2021-05-04;0;2480
Hovedstaden;2021-05-04;2;2482
Sjælland;2021-05-05;0;2482
Hovedstaden;2021-05-05;1;2483
Sjælland;2021-05-06;0;2483
Hovedstaden;2021-05-06;1;2484
Sjælland;2021-05-07;2;2486
;2021-05-08;0;2486
Hovedstaden;2021-05-09;0;2486
Midtjylland;2021-05-10;1;2487
Hovedstaden;2021-05-10;1;2488
;2021-05-11;0;2488
;2021-05-12;0;2488
;2021-05-13;0;2488
Sjælland;2021-05-14;1;2489
Nordjylland;2021-05-14;1;2490
Hovedstaden;2021-05-14;1;2491
Sjælland;2021-05-15;1;2492
Hovedstaden;2021-05-16;1;2493
Syddanmark;2021-05-17;1;2494
Syddanmark;2021-05-18;0;2494
Hovedstaden;2021-05-19;1;2495
Hovedstaden;2021-05-20;0;2495
Nordjylland;2021-05-21;1;2496
Hovedstaden;2021-05-21;0;2496
Hovedstaden;2021-05-22;1;2497
Midtjylland;2021-05-23;1;2498
Hovedstaden;2021-05-24;1;2499
Nordjylland;2021-05-25;1;2500
Midtjylland;2021-05-25;0;2500
Sjælland;2021-05-26;0;2500
Midtjylland;2021-05-26;1;2501
Hovedstaden;2021-05-26;1;2502
Midtjylland;2021-05-27;1;2503
Midtjylland;2021-05-28;1;2504
Hovedstaden;2021-05-28;1;2505
;2021-05-29;0;2505
;2021-05-30;0;2505
;2021-05-31;0;2505
Syddanmark;2021-06-01;1;2506
Hovedstaden;2021-06-01;0;2506
Hovedstaden;2021-06-02;0;2506
;2021-06-03;0;2506
Syddanmark;2021-06-04;1;2507
;2021-06-05;0;2507
Nordjylland;2021-06-06;1;2508
Hovedstaden;2021-06-06;1;2509
;2021-06-07;0;2509
;2021-06-08;0;2509
Sjælland;2021-06-09;0;2509
Nordjylland;2021-06-09;1;2510
Hovedstaden;2021-06-09;1;2511
Midtjylland;2021-06-10;1;2512
Hovedstaden;2021-06-10;1;2513
Hovedstaden;2021-06-11;1;2514
;2021-06-12;0;2514
Sjælland;2021-06-13;1;2515
Syddanmark;2021-06-14;1;2516
Hovedstaden;2021-06-14;1;2517
;2021-06-15;0;2517
;2021-06-16;0;2517
;2021-06-17;0;2517
Nordjylland;2021-06-18;1;2518
Hovedstaden;2021-06-19;1;2519
Nordjylland;2021-06-20;0;2519
;2021-06-21;0;2519
Hovedstaden;2021-06-22;0;2519
Hovedstaden;2021-06-23;0;2519
;2021-06-24;0;2519
Hovedstaden;2021-06-25;1;2520
Hovedstaden;2021-06-26;1;2521
Hovedstaden;2021-06-27;1;2522
Nordjylland;2021-06-28;1;2523
Nordjylland;2021-06-29;0;2523
;2021-06-30;0;2523
Syddanmark;2021-07-01;0;2523
Nordjylland;2021-07-01;1;2524
Hovedstaden;2021-07-01;1;2525
;2021-07-02;0;2525
;2021-07-03;0;2525
Midtjylland;2021-07-04;1;2526
Syddanmark;2021-07-05;0;2526
Hovedstaden;2021-07-05;0;2526
;2021-07-06;0;2526
;2021-07-07;0;2526
Sjælland;2021-07-08;0;2526
Hovedstaden;2021-07-09;1;2527
;2021-07-10;0;2527
;2021-07-11;0;2527
Nordjylland;2021-07-12;0;2527
Syddanmark;2021-07-13;0;2527
Syddanmark;2021-07-14;1;2528
Midtjylland;2021-07-14;1;2529
Syddanmark;2021-07-15;1;2530
;2021-07-16;0;2530
;2021-07-17;0;2530
;2021-07-18;0;2530
;2021-07-19;0;2530
;2021-07-20;0;2530
;2021-07-21;0;2530
;2021-07-22;0;2530
;2021-07-23;0;2530
;2021-07-24;0;2530
Syddanmark;2021-07-25;1;2531
Hovedstaden;2021-07-25;1;2532
Midtjylland;2021-07-26;1;2533
Hovedstaden;2021-07-26;1;2534
;2021-07-27;0;2534
Sjælland;2021-07-28;0;2534
Midtjylland;2021-07-28;1;2535
Midtjylland;2021-07-29;1;2536
;2021-07-30;0;2536
Hovedstaden;2021-07-31;1;2537
;2021-08-01;0;2537
;2021-08-02;0;2537
Hovedstaden;2021-08-03;1;2538
Syddanmark;2021-08-04;1;2539
;2021-08-05;0;2539
;2021-08-06;0;2539
;2021-08-07;0;2539
Midtjylland;2021-08-08;1;2540
Hovedstaden;2021-08-09;1;2541
Sjælland;2021-08-10;2;2543
Syddanmark;2021-08-11;0;2543
Sjælland;2021-08-12;1;2544
Nordjylland;2021-08-12;1;2545
Hovedstaden;2021-08-12;1;2546
Midtjylland;2021-08-13;1;2547
;2021-08-14;0;2547
Hovedstaden;2021-08-15;1;2548
Syddanmark;2021-08-16;1;2549
Hovedstaden;2021-08-17;1;2550
Sjælland;2021-08-18;1;2551
Hovedstaden;2021-08-19;1;2552
Hovedstaden;2021-08-20;1;2553
Sjælland;2021-08-21;1;2554
Midtjylland;2021-08-21;1;2555
Hovedstaden;2021-08-22;1;2556
Sjælland;2021-08-23;1;2557
Hovedstaden;2021-08-23;1;2558
Sjælland;2021-08-24;1;2559
Nordjylland;2021-08-25;1;2560
Hovedstaden;2021-08-26;2;2562
Syddanmark;2021-08-27;1;2563
Hovedstaden;2021-08-27;2;2565
Hovedstaden;2021-08-28;2;2567
Syddanmark;2021-08-29;1;2568
Midtjylland;2021-08-29;1;2569
Hovedstaden;2021-08-30;1;2570
;2021-08-31;0;2570
Midtjylland;2021-09-01;1;2571
Hovedstaden;2021-09-02;3;2574
Nordjylland;2021-09-03;1;2575
;2021-09-04;0;2575
Syddanmark;2021-09-05;1;2576
Sjælland;2021-09-05;1;2577
Hovedstaden;2021-09-06;4;2581
Midtjylland;2021-09-07;3;2584
Hovedstaden;2021-09-07;1;2585
Syddanmark;2021-09-08;1;2586
Nordjylland;2021-09-08;1;2587
Midtjylland;2021-09-08;1;2588
Hovedstaden;2021-09-08;3;2591
Syddanmark;2021-09-09;1;2592
Nordjylland;2021-09-09;1;2593
Midtjylland;2021-09-09;1;2594
Hovedstaden;2021-09-09;1;2595
Hovedstaden;2021-09-10;2;2597
Midtjylland;2021-09-11;1;2598
Hovedstaden;2021-09-11;0;2598
Hovedstaden;2021-09-12;2;2600
;2021-09-13;0;2600
Sjælland;2021-09-14;1;2601
Midtjylland;2021-09-14;1;2602
Hovedstaden;2021-09-14;1;2603
Syddanmark;2021-09-15;1;2604
Sjælland;2021-09-15;1;2605
Midtjylland;2021-09-15;1;2606
Syddanmark;2021-09-16;1;2607
Nordjylland;2021-09-16;1;2608
Midtjylland;2021-09-16;1;2609
Hovedstaden;2021-09-16;1;2610
Syddanmark;2021-09-17;1;2611
Sjælland;2021-09-18;1;2612
Midtjylland;2021-09-18;1;2613
Hovedstaden;2021-09-18;1;2614
Syddanmark;2021-09-19;2;2616
Sjælland;2021-09-19;1;2617
Syddanmark;2021-09-20;1;2618
Midtjylland;2021-09-20;1;2619
Hovedstaden;2021-09-20;1;2620
Midtjylland;2021-09-21;1;2621
Sjælland;2021-09-22;0;2621
Midtjylland;2021-09-22;1;2622
Hovedstaden;2021-09-22;3;2625
Sjælland;2021-09-23;2;2627
Hovedstaden;2021-09-23;0;2627
Syddanmark;2021-09-24;1;2628
Sjælland;2021-09-24;1;2629
Syddanmark;2021-09-25;2;2631
Nordjylland;2021-09-25;1;2632
Midtjylland;2021-09-26;1;2633
Hovedstaden;2021-09-26;1;2634
Syddanmark;2021-09-27;1;2635
Sjælland;2021-09-27;1;2636
Midtjylland;2021-09-27;1;2637
Hovedstaden;2021-09-27;2;2639
Midtjylland;2021-09-28;1;2640
Syddanmark;2021-09-29;1;2641
Sjælland;2021-09-29;0;2641
Midtjylland;2021-09-29;1;2642
Syddanmark;2021-09-30;1;2643
Sjælland;2021-09-30;1;2644
Hovedstaden;2021-09-30;1;2645
Sjælland;2021-10-01;1;2646
Hovedstaden;2021-10-01;2;2648
Syddanmark;2021-10-02;1;2649
Sjælland;2021-10-02;0;2649
Nordjylland;2021-10-02;0;2649
;2021-10-03;0;2649
;2021-10-04;0;2649
Syddanmark;2021-10-05;1;2650
Sjælland;2021-10-05;1;2651
Midtjylland;2021-10-05;0;2651
Nordjylland;2021-10-06;1;2652
Hovedstaden;2021-10-06;1;2653
Sjælland;2021-10-07;1;2654
Midtjylland;2021-10-07;1;2655
;2021-10-08;0;2655
Syddanmark;2021-10-09;1;2656
Midtjylland;2021-10-09;1;2657
Nordjylland;2021-10-10;1;2658
Midtjylland;2021-10-10;1;2659
Hovedstaden;2021-10-11;2;2661
;2021-10-12;0;2661
Syddanmark;2021-10-13;1;2662
Sjælland;2021-10-13;1;2663
Nordjylland;2021-10-13;1;2664
Hovedstaden;2021-10-13;1;2665
Syddanmark;2021-10-14;1;2666
Hovedstaden;2021-10-14;0;2666
Nordjylland;2021-10-15;1;2667
Midtjylland;2021-10-15;1;2668
Syddanmark;2021-10-16;1;2669
Hovedstaden;2021-10-16;2;2671
Syddanmark;2021-10-17;1;2672
Hovedstaden;2021-10-17;3;2675
Nordjylland;2021-10-18;0;2675
Midtjylland;2021-10-18;0;2675
Hovedstaden;2021-10-18;1;2676
Syddanmark;2021-10-19;1;2677
Sjælland;2021-10-19;1;2678
Nordjylland;2021-10-19;1;2679
Midtjylland;2021-10-20;1;2680
Hovedstaden;2021-10-20;1;2681
Nordjylland;2021-10-21;1;2682
Midtjylland;2021-10-21;1;2683
Midtjylland;2021-10-22;0;2683
Hovedstaden;2021-10-22;1;2684
Nordjylland;2021-10-23;1;2685
;2021-10-24;0;2685
Hovedstaden;2021-10-25;3;2688
Nordjylland;2021-10-26;2;2690
Midtjylland;2021-10-26;0;2690
Hovedstaden;2021-10-26;1;2691
Nordjylland;2021-10-27;0;2691
Midtjylland;2021-10-27;1;2692
Hovedstaden;2021-10-27;1;2693
Hovedstaden;2021-10-28;1;2694
Nordjylland;2021-10-29;1;2695
Hovedstaden;2021-10-29;3;2698
Sjælland;2021-10-30;0;2698
Hovedstaden;2021-10-30;3;2701
Sjælland;2021-10-31;0;2701
Midtjylland;2021-10-31;0;2701
Hovedstaden;2021-10-31;2;2703
;2021-11-01;0;2703
Syddanmark;2021-11-02;1;2704
Sjælland;2021-11-02;1;2705
Midtjylland;2021-11-02;1;2706
Syddanmark;2021-11-03;1;2707
Nordjylland;2021-11-03;1;2708
Hovedstaden;2021-11-03;1;2709
Sjælland;2021-11-04;2;2711
Midtjylland;2021-11-04;1;2712
Hovedstaden;2021-11-04;5;2717
Hovedstaden;2021-11-05;3;2720
Syddanmark;2021-11-06;2;2722
Hovedstaden;2021-11-06;2;2724
Syddanmark;2021-11-07;2;2726
Nordjylland;2021-11-07;1;2727
Hovedstaden;2021-11-07;1;2728
Syddanmark;2021-11-08;1;2729
Sjælland;2021-11-09;1;2730
Hovedstaden;2021-11-09;2;2732
Sjælland;2021-11-10;1;2733
Nordjylland;2021-11-10;1;2734
Midtjylland;2021-11-10;1;2735
Hovedstaden;2021-11-10;1;2736
Syddanmark;2021-11-11;1;2737
Nordjylland;2021-11-11;1;2738
Hovedstaden;2021-11-11;2;2740
Nordjylland;2021-11-12;1;2741
Hovedstaden;2021-11-12;5;2746
Sjælland;2021-11-13;2;2748
Nordjylland;2021-11-13;1;2749
Midtjylland;2021-11-13;2;2751
Hovedstaden;2021-11-13;4;2755
Sjælland;2021-11-14;1;2756
Midtjylland;2021-11-14;1;2757
Hovedstaden;2021-11-14;4;2761
Syddanmark;2021-11-15;2;2763
Sjælland;2021-11-15;4;2767
Hovedstaden;2021-11-15;3;2770
Syddanmark;2021-11-16;1;2771
Hovedstaden;2021-11-16;3;2774
Nordjylland;2021-11-17;1;2775
Midtjylland;2021-11-17;1;2776
Hovedstaden;2021-11-17;1;2777
Syddanmark;2021-11-18;3;2780
Sjælland;2021-11-18;1;2781
Nordjylland;2021-11-18;1;2782
Hovedstaden;2021-11-18;2;2784
Syddanmark;2021-11-19;2;2786
Sjælland;2021-11-19;1;2787
Hovedstaden;2021-11-19;5;2792
Syddanmark;2021-11-20;2;2794
Sjælland;2021-11-20;0;2794
Hovedstaden;2021-11-20;2;2796
Syddanmark;2021-11-21;1;2797
Sjælland;2021-11-21;1;2798
Nordjylland;2021-11-21;1;2799
Hovedstaden;2021-11-21;1;2800
Syddanmark;2021-11-22;2;2802
Sjælland;2021-11-22;1;2803
Midtjylland;2021-11-22;0;2803
Hovedstaden;2021-11-22;4;2807
Syddanmark;2021-11-23;2;2809
Sjælland;2021-11-23;3;2812
Midtjylland;2021-11-23;2;2814
Hovedstaden;2021-11-23;4;2818
Syddanmark;2021-11-24;3;2821
Sjælland;2021-11-24;1;2822
Midtjylland;2021-11-24;2;2824
Hovedstaden;2021-11-24;4;2828
Syddanmark;2021-11-25;1;2829
Sjælland;2021-11-25;5;2834
Nordjylland;2021-11-25;1;2835
Hovedstaden;2021-11-25;5;2840
Syddanmark;2021-11-26;2;2842
Sjælland;2021-11-26;3;2845
Nordjylland;2021-11-26;2;2847
Midtjylland;2021-11-26;1;2848
Hovedstaden;2021-11-26;4;2852
Syddanmark;2021-11-27;2;2854
Sjælland;2021-11-27;1;2855
Nordjylland;2021-11-27;1;2856
Midtjylland;2021-11-27;1;2857
Hovedstaden;2021-11-27;4;2861
Syddanmark;2021-11-28;1;2862
Sjælland;2021-11-28;7;2869
Nordjylland;2021-11-28;1;2870
Midtjylland;2021-11-28;2;2872
Hovedstaden;2021-11-28;3;2875
Syddanmark;2021-11-29;4;2879
Nordjylland;2021-11-29;1;2880
Midtjylland;2021-11-29;1;2881
Hovedstaden;2021-11-29;3;2884
Syddanmark;2021-11-30;3;2887
Sjælland;2021-11-30;2;2889
Nordjylland;2021-11-30;4;2893
Midtjylland;2021-11-30;0;2893
Hovedstaden;2021-11-30;4;2897
Sjælland;2021-12-01;0;2897
Nordjylland;2021-12-01;3;2900
Hovedstaden;2021-12-01;2;2902
Syddanmark;2021-12-02;4;2906
Sjælland;2021-12-02;3;2909
Nordjylland;2021-12-02;1;2910
Midtjylland;2021-12-02;1;2911
Hovedstaden;2021-12-02;4;2915
Syddanmark;2021-12-03;1;2916
Sjælland;2021-12-03;1;2917
Nordjylland;2021-12-03;3;2920
Midtjylland;2021-12-03;3;2923
Hovedstaden;2021-12-03;4;2927
Syddanmark;2021-12-04;3;2930
Sjælland;2021-12-04;3;2933
Midtjylland;2021-12-04;2;2935
Hovedstaden;2021-12-04;1;2936
Syddanmark;2021-12-05;1;2937
Sjælland;2021-12-05;3;2940
Hovedstaden;2021-12-05;3;2943
Syddanmark;2021-12-06;2;2945
Sjælland;2021-12-06;2;2947
Midtjylland;2021-12-06;2;2949
Hovedstaden;2021-12-06;2;2951
Syddanmark;2021-12-07;1;2952
Sjælland;2021-12-07;2;2954
Hovedstaden;2021-12-07;4;2958
Syddanmark;2021-12-08;4;2962
Sjælland;2021-12-08;2;2964
Nordjylland;2021-12-08;2;2966
Midtjylland;2021-12-08;1;2967
Hovedstaden;2021-12-08;7;2974
Sjælland;2021-12-09;2;2976
Nordjylland;2021-12-09;2;2978
Hovedstaden;2021-12-09;4;2982
Syddanmark;2021-12-10;1;2983
Sjælland;2021-12-10;2;2985
Nordjylland;2021-12-10;1;2986
Hovedstaden;2021-12-10;5;2991
Syddanmark;2021-12-11;3;2994
Sjælland;2021-12-11;1;2995
Nordjylland;2021-12-11;1;2996
Midtjylland;2021-12-11;4;3000
Hovedstaden;2021-12-11;2;3002
Sjælland;2021-12-12;3;3005
Midtjylland;2021-12-12;1;3006
Hovedstaden;2021-12-12;3;3009
Syddanmark;2021-12-13;2;3011
Sjælland;2021-12-13;1;3012
Nordjylland;2021-12-13;1;3013
Midtjylland;2021-12-13;1;3014
Hovedstaden;2021-12-13;5;3019
Syddanmark;2021-12-14;2;3021
Sjælland;2021-12-14;1;3022
Midtjylland;2021-12-14;1;3023
Hovedstaden;2021-12-14;3;3026
Syddanmark;2021-12-15;2;3028
Sjælland;2021-12-15;3;3031
Nordjylland;2021-12-15;1;3032
Hovedstaden;2021-12-15;4;3036
Syddanmark;2021-12-16;3;3039
Sjælland;2021-12-16;2;3041
Midtjylland;2021-12-16;1;3042
Hovedstaden;2021-12-16;3;3045
Syddanmark;2021-12-17;2;3047
Sjælland;2021-12-17;4;3051
Nordjylland;2021-12-17;2;3053
Midtjylland;2021-12-17;2;3055
Hovedstaden;2021-12-17;4;3059
Syddanmark;2021-12-18;4;3063
Midtjylland;2021-12-18;3;3066
Hovedstaden;2021-12-18;5;3071
Syddanmark;2021-12-19;4;3075
Sjælland;2021-12-19;2;3077
Midtjylland;2021-12-19;2;3079
Hovedstaden;2021-12-19;5;3084
Syddanmark;2021-12-20;3;3087
Sjælland;2021-12-20;2;3089
Midtjylland;2021-12-20;2;3091
Hovedstaden;2021-12-20;5;3096
Syddanmark;2021-12-21;4;3100
Sjælland;2021-12-21;2;3102
Midtjylland;2021-12-21;2;3104
Hovedstaden;2021-12-21;3;3107
Syddanmark;2021-12-22;1;3108
Sjælland;2021-12-22;1;3109
Nordjylland;2021-12-22;1;3110
Midtjylland;2021-12-22;3;3113
Hovedstaden;2021-12-22;8;3121
Syddanmark;2021-12-23;3;3124
Sjælland;2021-12-23;6;3130
Nordjylland;2021-12-23;1;3131
Midtjylland;2021-12-23;1;3132
Hovedstaden;2021-12-23;7;3139
Syddanmark;2021-12-24;1;3140
Sjælland;2021-12-24;3;3143
Nordjylland;2021-12-24;1;3144
Hovedstaden;2021-12-24;5;3149
Syddanmark;2021-12-25;1;3150
Sjælland;2021-12-25;2;3152
Nordjylland;2021-12-25;1;3153
Midtjylland;2021-12-25;1;3154
Hovedstaden;2021-12-25;6;3160
Syddanmark;2021-12-26;1;3161
Sjælland;2021-12-26;0;3161
Midtjylland;2021-12-26;3;3164
Hovedstaden;2021-12-26;6;3170
Sjælland;2021-12-27;3;3173
Midtjylland;2021-12-27;1;3174
Hovedstaden;2021-12-27;4;3178
Syddanmark;2021-12-28;1;3179
Sjælland;2021-12-28;3;3182
Nordjylland;2021-12-28;1;3183
Midtjylland;2021-12-28;2;3185
Hovedstaden;2021-12-28;4;3189
Syddanmark;2021-12-29;3;3192
Sjælland;2021-12-29;4;3196
Midtjylland;2021-12-29;0;3196
Hovedstaden;2021-12-29;2;3198
Syddanmark;2021-12-30;0;3198
Sjælland;2021-12-30;1;3199
Nordjylland;2021-12-30;2;3201
Midtjylland;2021-12-30;2;3203
Hovedstaden;2021-12-30;4;3207
Syddanmark;2021-12-31;1;3208
Sjælland;2021-12-31;1;3209
Nordjylland;2021-12-31;2;3211
Midtjylland;2021-12-31;0;3211
Hovedstaden;2021-12-31;6;3217
Syddanmark;2022-01-01;1;3218
Sjælland;2022-01-01;4;3222
Midtjylland;2022-01-01;1;3223
Hovedstaden;2022-01-01;6;3229
Syddanmark;2022-01-02;1;3230
Sjælland;2022-01-02;4;3234
Hovedstaden;2022-01-02;4;3238
Syddanmark;2022-01-03;1;3239
Sjælland;2022-01-03;2;3241
Midtjylland;2022-01-03;3;3244
Hovedstaden;2022-01-03;9;3253
Syddanmark;2022-01-04;1;3254
Sjælland;2022-01-04;3;3257
Nordjylland;2022-01-04;1;3258
Midtjylland;2022-01-04;3;3261
Hovedstaden;2022-01-04;6;3267
Syddanmark;2022-01-05;2;3269
Sjælland;2022-01-05;3;3272
Nordjylland;2022-01-05;2;3274
Midtjylland;2022-01-05;2;3276
Hovedstaden;2022-01-05;7;3283
Syddanmark;2022-01-06;1;3284
Sjælland;2022-01-06;4;3288
Nordjylland;2022-01-06;1;3289
Midtjylland;2022-01-06;2;3291
Hovedstaden;2022-01-06;7;3298
Syddanmark;2022-01-07;2;3300
Sjælland;2022-01-07;2;3302
Midtjylland;2022-01-07;5;3307
Hovedstaden;2022-01-07;7;3314
Syddanmark;2022-01-08;2;3316
Sjælland;2022-01-08;4;3320
Midtjylland;2022-01-08;2;3322
Hovedstaden;2022-01-08;6;3328
Syddanmark;2022-01-09;3;3331
Sjælland;2022-01-09;2;3333
Nordjylland;2022-01-09;4;3337
Midtjylland;2022-01-09;1;3338
Hovedstaden;2022-01-09;6;3344
Sjælland;2022-01-10;3;3347
Nordjylland;2022-01-10;3;3350
Midtjylland;2022-01-10;6;3356
Hovedstaden;2022-01-10;5;3361
Syddanmark;2022-01-11;2;3363
Sjælland;2022-01-11;3;3366
Nordjylland;2022-01-11;0;3366
Midtjylland;2022-01-11;2;3368
Hovedstaden;2022-01-11;11;3379
Syddanmark;2022-01-12;4;3383
Sjælland;2022-01-12;5;3388
Midtjylland;2022-01-12;3;3391
Hovedstaden;2022-01-12;5;3396
Syddanmark;2022-01-13;3;3399
Sjælland;2022-01-13;3;3402
Nordjylland;2022-01-13;1;3403
Midtjylland;2022-01-13;2;3405
Hovedstaden;2022-01-13;6;3411
Syddanmark;2022-01-14;1;3412
Sjælland;2022-01-14;2;3414
Midtjylland;2022-01-14;4;3418
Hovedstaden;2022-01-14;6;3424
Syddanmark;2022-01-15;2;3426
Nordjylland;2022-01-15;2;3428
Hovedstaden;2022-01-15;5;3433
Syddanmark;2022-01-16;1;3434
Sjælland;2022-01-16;2;3436
Nordjylland;2022-01-16;3;3439
Midtjylland;2022-01-16;2;3441
Hovedstaden;2022-01-16;9;3450
Syddanmark;2022-01-17;3;3453
Sjælland;2022-01-17;2;3455
Nordjylland;2022-01-17;1;3456
Midtjylland;2022-01-17;0;3456
Hovedstaden;2022-01-17;5;3461
Syddanmark;2022-01-18;1;3462
Sjælland;2022-01-18;1;3463
Midtjylland;2022-01-18;2;3465
Hovedstaden;2022-01-18;4;3469
Syddanmark;2022-01-19;3;3472
Sjælland;2022-01-19;3;3475
Nordjylland;2022-01-19;3;3478
Midtjylland;2022-01-19;2;3480
Hovedstaden;2022-01-19;14;3494
Syddanmark;2022-01-20;4;3498
Sjælland;2022-01-20;6;3504
Nordjylland;2022-01-20;1;3505
Midtjylland;2022-01-20;4;3509
Hovedstaden;2022-01-20;7;3516
Syddanmark;2022-01-21;4;3520
Sjælland;2022-01-21;2;3522
Nordjylland;2022-01-21;1;3523
Midtjylland;2022-01-21;3;3526
Hovedstaden;2022-01-21;10;3536
Syddanmark;2022-01-22;1;3537
Sjælland;2022-01-22;3;3540
Nordjylland;2022-01-22;2;3542
Midtjylland;2022-01-22;0;3542
Hovedstaden;2022-01-22;4;3546
Syddanmark;2022-01-23;1;3547
Sjælland;2022-01-23;1;3548
Nordjylland;2022-01-23;5;3553
Midtjylland;2022-01-23;3;3556
Hovedstaden;2022-01-23;5;3561
Syddanmark;2022-01-24;3;3564
Sjælland;2022-01-24;2;3566
Nordjylland;2022-01-24;3;3569
Midtjylland;2022-01-24;1;3570
Hovedstaden;2022-01-24;6;3576
Syddanmark;2022-01-25;1;3577
Sjælland;2022-01-25;3;3580
Midtjylland;2022-01-25;5;3585
Hovedstaden;2022-01-25;11;3596
Syddanmark;2022-01-26;6;3602
Sjælland;2022-01-26;2;3604
Nordjylland;2022-01-26;3;3607
Midtjylland;2022-01-26;0;3607
Hovedstaden;2022-01-26;8;3615
Syddanmark;2022-01-27;0;3615
Sjælland;2022-01-27;4;3619
Nordjylland;2022-01-27;2;3621
Midtjylland;2022-01-27;3;3624
Hovedstaden;2022-01-27;7;3631
Syddanmark;2022-01-28;4;3635
Sjælland;2022-01-28;2;3637
Nordjylland;2022-01-28;1;3638
Midtjylland;2022-01-28;2;3640
Hovedstaden;2022-01-28;9;3649
Syddanmark;2022-01-29;2;3651
Sjælland;2022-01-29;1;3652
Nordjylland;2022-01-29;1;3653
Midtjylland;2022-01-29;2;3655
Hovedstaden;2022-01-29;10;3665
Syddanmark;2022-01-30;5;3670
Sjælland;2022-01-30;2;3672
Midtjylland;2022-01-30;1;3673
Hovedstaden;2022-01-30;3;3676
;2022-01-31;0;3676
