"Uge";"Aldersgruppe";"Vaccinationsstatus";"Bekræftede tilfælde";"Befolkningstørrelse";"Bekræftede tilfælde pr. 100.000"
2020-W52;12-15;Forventet fuld effekt;0;0;0,00
2020-W52;12-15;Ikke vaccineret;784;283610;276,44
2020-W52;12-15;Påbegyndt vaccinationsforløb;0;0;0,00
2020-W52;16-19;Forventet fuld effekt;0;0;0,00
2020-W52;16-19;Ikke vaccineret;1064;278165;382,51
2020-W52;16-19;Påbegyndt vaccinationsforløb;0;0;0,00
2020-W52;20-39;Forventet fuld effekt;0;0;0,00
2020-W52;20-39;Ikke vaccineret;5214;1485292;351,04
2020-W52;20-39;Påbegyndt vaccinationsforløb;0;6;0,00
2020-W52;40-64;Forventet fuld effekt;0;0;0,00
2020-W52;40-64;Ikke vaccineret;5887;1905822;308,90
2020-W52;40-64;Påbegyndt vaccinationsforløb;0;3;0,00
2020-W52;65-79;Forventet fuld effekt;0;0;0,00
2020-W52;65-79;Ikke vaccineret;1469;895183;164,10
2020-W52;65-79;Påbegyndt vaccinationsforløb;0;1;0,00
2020-W52;80+;Forventet fuld effekt;0;0;0,00
2020-W52;80+;Ikke vaccineret;684;271763;251,69
2020-W52;80+;Påbegyndt vaccinationsforløb;0;2;0,00
2020-W53;12-15;Forventet fuld effekt;0;0;0,00
2020-W53;12-15;Ikke vaccineret;637;283608;224,61
2020-W53;12-15;Påbegyndt vaccinationsforløb;0;2;0,00
2020-W53;16-19;Forventet fuld effekt;0;0;0,00
2020-W53;16-19;Ikke vaccineret;850;278083;305,66
2020-W53;16-19;Påbegyndt vaccinationsforløb;0;82;0,00
2020-W53;20-39;Forventet fuld effekt;0;0;0,00
2020-W53;20-39;Ikke vaccineret;4478;1479903;302,59
2020-W53;20-39;Påbegyndt vaccinationsforløb;77;5395;1427,29
2020-W53;40-64;Forventet fuld effekt;0;0;0,00
2020-W53;40-64;Ikke vaccineret;4807;1894263;253,77
2020-W53;40-64;Påbegyndt vaccinationsforløb;93;11562;804,35
2020-W53;65-79;Forventet fuld effekt;0;0;0,00
2020-W53;65-79;Ikke vaccineret;1484;892143;166,34
2020-W53;65-79;Påbegyndt vaccinationsforløb;41;3041;1348,30
2020-W53;80+;Forventet fuld effekt;0;0;0,00
2020-W53;80+;Ikke vaccineret;776;267439;290,16
2020-W53;80+;Påbegyndt vaccinationsforløb;67;4326;1548,93
2021-W01;12-15;Forventet fuld effekt;0;0;0,00
2021-W01;12-15;Ikke vaccineret;457;283608;161,14
2021-W01;12-15;Påbegyndt vaccinationsforløb;0;2;0,00
2021-W01;16-19;Forventet fuld effekt;0;0;0,00
2021-W01;16-19;Ikke vaccineret;746;277831;268,51
2021-W01;16-19;Påbegyndt vaccinationsforløb;1;334;299,40
2021-W01;20-39;Forventet fuld effekt;0;0;0,00
2021-W01;20-39;Ikke vaccineret;3378;1469962;229,80
2021-W01;20-39;Påbegyndt vaccinationsforløb;163;15336;1062,86
2021-W01;40-64;Forventet fuld effekt;0;0;0,00
2021-W01;40-64;Ikke vaccineret;3516;1868648;188,16
2021-W01;40-64;Påbegyndt vaccinationsforløb;337;37177;906,47
2021-W01;65-79;Forventet fuld effekt;0;0;0,00
2021-W01;65-79;Ikke vaccineret;922;884174;104,28
2021-W01;65-79;Påbegyndt vaccinationsforløb;120;11010;1089,88
2021-W01;80+;Forventet fuld effekt;0;0;0,00
2021-W01;80+;Ikke vaccineret;429;254927;168,28
2021-W01;80+;Påbegyndt vaccinationsforløb;257;16838;1526,34
2021-W02;12-15;Forventet fuld effekt;0;0;0,00
2021-W02;12-15;Ikke vaccineret;250;283608;88,15
2021-W02;12-15;Påbegyndt vaccinationsforløb;0;2;0,00
2021-W02;16-19;Forventet fuld effekt;0;0;0,00
2021-W02;16-19;Ikke vaccineret;353;277625;127,15
2021-W02;16-19;Påbegyndt vaccinationsforløb;4;540;740,35
2021-W02;20-39;Forventet fuld effekt;0;0;0,00
2021-W02;20-39;Ikke vaccineret;1892;1461314;129,47
2021-W02;20-39;Påbegyndt vaccinationsforløb;146;23984;608,75
2021-W02;40-64;Forventet fuld effekt;0;0;0,00
2021-W02;40-64;Ikke vaccineret;2238;1847976;121,11
2021-W02;40-64;Påbegyndt vaccinationsforløb;316;57848;546,26
2021-W02;65-79;Forventet fuld effekt;0;0;0,00
2021-W02;65-79;Ikke vaccineret;528;875230;60,33
2021-W02;65-79;Påbegyndt vaccinationsforløb;120;19954;601,39
2021-W02;80+;Forventet fuld effekt;0;0;0,00
2021-W02;80+;Ikke vaccineret;241;243733;98,88
2021-W02;80+;Påbegyndt vaccinationsforløb;280;28032;998,87
2021-W03;12-15;Forventet fuld effekt;0;0;0,00
2021-W03;12-15;Ikke vaccineret;202;283607;71,23
2021-W03;12-15;Påbegyndt vaccinationsforløb;0;3;0,00
2021-W03;16-19;Forventet fuld effekt;0;0;0,00
2021-W03;16-19;Ikke vaccineret;221;277470;79,65
2021-W03;16-19;Påbegyndt vaccinationsforløb;0;695;0,00
2021-W03;20-39;Forventet fuld effekt;0;2;0,00
2021-W03;20-39;Ikke vaccineret;1528;1455208;105,00
2021-W03;20-39;Påbegyndt vaccinationsforløb;96;30088;319,06
2021-W03;40-64;Forventet fuld effekt;0;1;0,00
2021-W03;40-64;Ikke vaccineret;1730;1835240;94,27
2021-W03;40-64;Påbegyndt vaccinationsforløb;205;70584;290,43
2021-W03;65-79;Forventet fuld effekt;0;0;0,00
2021-W03;65-79;Ikke vaccineret;427;866048;49,30
2021-W03;65-79;Påbegyndt vaccinationsforløb;79;29136;271,14
2021-W03;80+;Forventet fuld effekt;0;0;0,00
2021-W03;80+;Ikke vaccineret;201;233261;86,17
2021-W03;80+;Påbegyndt vaccinationsforløb;131;38504;340,22
2021-W04;12-15;Forventet fuld effekt;0;0;0,00
2021-W04;12-15;Ikke vaccineret;162;283605;57,12
2021-W04;12-15;Påbegyndt vaccinationsforløb;0;5;0,00
2021-W04;16-19;Forventet fuld effekt;0;0;0,00
2021-W04;16-19;Ikke vaccineret;169;277426;60,92
2021-W04;16-19;Påbegyndt vaccinationsforløb;0;739;0,00
2021-W04;20-39;Forventet fuld effekt;0;20;0,00
2021-W04;20-39;Ikke vaccineret;1033;1454258;71,03
2021-W04;20-39;Påbegyndt vaccinationsforløb;39;31020;125,73
2021-W04;40-64;Forventet fuld effekt;0;47;0,00
2021-W04;40-64;Ikke vaccineret;1173;1833112;63,99
2021-W04;40-64;Påbegyndt vaccinationsforløb;87;72666;119,73
2021-W04;65-79;Forventet fuld effekt;0;15;0,00
2021-W04;65-79;Ikke vaccineret;311;864971;35,95
2021-W04;65-79;Påbegyndt vaccinationsforløb;36;30197;119,22
2021-W04;80+;Forventet fuld effekt;0;24;0,00
2021-W04;80+;Ikke vaccineret;122;232075;52,57
2021-W04;80+;Påbegyndt vaccinationsforløb;82;39666;206,73
2021-W05;12-15;Forventet fuld effekt;0;2;0,00
2021-W05;12-15;Ikke vaccineret;133;283605;46,90
2021-W05;12-15;Påbegyndt vaccinationsforløb;0;3;0,00
2021-W05;16-19;Forventet fuld effekt;0;35;0,00
2021-W05;16-19;Ikke vaccineret;147;277362;53,00
2021-W05;16-19;Påbegyndt vaccinationsforløb;0;768;0,00
2021-W05;20-39;Forventet fuld effekt;0;1989;0,00
2021-W05;20-39;Ikke vaccineret;980;1453176;67,44
2021-W05;20-39;Påbegyndt vaccinationsforløb;18;30133;59,74
2021-W05;40-64;Forventet fuld effekt;0;5137;0,00
2021-W05;40-64;Ikke vaccineret;1006;1830740;54,95
2021-W05;40-64;Påbegyndt vaccinationsforløb;40;69948;57,19
2021-W05;65-79;Forventet fuld effekt;2;1907;104,90
2021-W05;65-79;Ikke vaccineret;277;863293;32,09
2021-W05;65-79;Påbegyndt vaccinationsforløb;31;29985;103,39
2021-W05;80+;Forventet fuld effekt;0;3014;0,00
2021-W05;80+;Ikke vaccineret;85;230036;36,95
2021-W05;80+;Påbegyndt vaccinationsforløb;54;38715;139,48
2021-W06;12-15;Forventet fuld effekt;0;2;0,00
2021-W06;12-15;Ikke vaccineret;132;283602;46,54
2021-W06;12-15;Påbegyndt vaccinationsforløb;1;6;17073,17
2021-W06;16-19;Forventet fuld effekt;0;182;0,00
2021-W06;16-19;Ikke vaccineret;146;277260;52,66
2021-W06;16-19;Påbegyndt vaccinationsforløb;0;723;0,00
2021-W06;20-39;Forventet fuld effekt;1;8579;11,66
2021-W06;20-39;Ikke vaccineret;849;1450273;58,54
2021-W06;20-39;Påbegyndt vaccinationsforløb;12;26446;45,37
2021-W06;40-64;Forventet fuld effekt;1;22131;4,52
2021-W06;40-64;Ikke vaccineret;919;1825553;50,34
2021-W06;40-64;Påbegyndt vaccinationsforløb;26;58141;44,72
2021-W06;65-79;Forventet fuld effekt;1;7902;12,66
2021-W06;65-79;Ikke vaccineret;204;861635;23,68
2021-W06;65-79;Påbegyndt vaccinationsforløb;16;25648;62,38
2021-W06;80+;Forventet fuld effekt;3;12313;24,36
2021-W06;80+;Ikke vaccineret;53;220882;23,99
2021-W06;80+;Påbegyndt vaccinationsforløb;13;38570;33,71
2021-W07;12-15;Forventet fuld effekt;0;2;0,00
2021-W07;12-15;Ikke vaccineret;152;283601;53,60
2021-W07;12-15;Påbegyndt vaccinationsforløb;0;7;0,00
2021-W07;16-19;Forventet fuld effekt;0;467;0,00
2021-W07;16-19;Ikke vaccineret;207;276920;74,75
2021-W07;16-19;Påbegyndt vaccinationsforløb;0;777;0,00
2021-W07;20-39;Forventet fuld effekt;3;19128;15,68
2021-W07;20-39;Ikke vaccineret;1080;1441465;74,92
2021-W07;20-39;Påbegyndt vaccinationsforløb;15;24705;60,72
2021-W07;40-64;Forventet fuld effekt;9;49442;18,20
2021-W07;40-64;Ikke vaccineret;1052;1808242;58,18
2021-W07;40-64;Påbegyndt vaccinationsforløb;15;48141;31,16
2021-W07;65-79;Forventet fuld effekt;5;18241;27,41
2021-W07;65-79;Ikke vaccineret;218;857351;25,43
2021-W07;65-79;Påbegyndt vaccinationsforløb;2;19592;10,21
2021-W07;80+;Forventet fuld effekt;5;26099;19,16
2021-W07;80+;Ikke vaccineret;42;188430;22,29
2021-W07;80+;Påbegyndt vaccinationsforløb;9;57236;15,72
2021-W08;12-15;Forventet fuld effekt;0;2;0,00
2021-W08;12-15;Ikke vaccineret;188;283597;66,29
2021-W08;12-15;Påbegyndt vaccinationsforløb;0;11;0,00
2021-W08;16-19;Forventet fuld effekt;0;637;0,00
2021-W08;16-19;Ikke vaccineret;221;276423;79,95
2021-W08;16-19;Påbegyndt vaccinationsforløb;2;1105;181,02
2021-W08;20-39;Forventet fuld effekt;3;26259;11,42
2021-W08;20-39;Ikke vaccineret;1220;1427874;85,44
2021-W08;20-39;Påbegyndt vaccinationsforløb;16;31164;51,34
2021-W08;40-64;Forventet fuld effekt;13;64375;20,19
2021-W08;40-64;Ikke vaccineret;1109;1779133;62,33
2021-W08;40-64;Påbegyndt vaccinationsforløb;36;62317;57,77
2021-W08;65-79;Forventet fuld effekt;4;26472;15,11
2021-W08;65-79;Ikke vaccineret;231;844482;27,35
2021-W08;65-79;Påbegyndt vaccinationsforløb;8;24230;33,02
2021-W08;80+;Forventet fuld effekt;9;36228;24,84
2021-W08;80+;Ikke vaccineret;49;152069;32,22
2021-W08;80+;Påbegyndt vaccinationsforløb;26;83467;31,15
2021-W09;12-15;Forventet fuld effekt;0;3;0,00
2021-W09;12-15;Ikke vaccineret;187;283571;65,94
2021-W09;12-15;Påbegyndt vaccinationsforløb;0;36;0,00
2021-W09;16-19;Forventet fuld effekt;0;709;0,00
2021-W09;16-19;Ikke vaccineret;239;275612;86,72
2021-W09;16-19;Påbegyndt vaccinationsforløb;0;1844;0,00
2021-W09;20-39;Forventet fuld effekt;2;29580;6,76
2021-W09;20-39;Ikke vaccineret;1142;1407344;81,15
2021-W09;20-39;Påbegyndt vaccinationsforløb;30;48375;62,02
2021-W09;40-64;Forventet fuld effekt;16;70193;22,79
2021-W09;40-64;Ikke vaccineret;1080;1732355;62,34
2021-W09;40-64;Påbegyndt vaccinationsforløb;46;103277;44,54
2021-W09;65-79;Forventet fuld effekt;2;29038;6,89
2021-W09;65-79;Ikke vaccineret;191;815302;23,43
2021-W09;65-79;Påbegyndt vaccinationsforløb;21;50844;41,30
2021-W09;80+;Forventet fuld effekt;4;38137;10,49
2021-W09;80+;Ikke vaccineret;41;137303;29,86
2021-W09;80+;Påbegyndt vaccinationsforløb;15;96325;15,57
2021-W10;12-15;Forventet fuld effekt;0;3;0,00
2021-W10;12-15;Ikke vaccineret;208;283550;73,36
2021-W10;12-15;Påbegyndt vaccinationsforløb;0;57;0,00
2021-W10;16-19;Forventet fuld effekt;0;764;0,00
2021-W10;16-19;Ikke vaccineret;266;274913;96,76
2021-W10;16-19;Påbegyndt vaccinationsforløb;3;2488;120,59
2021-W10;20-39;Forventet fuld effekt;3;30785;9,75
2021-W10;20-39;Ikke vaccineret;1225;1388795;88,21
2021-W10;20-39;Påbegyndt vaccinationsforløb;35;65719;53,26
2021-W10;40-64;Forventet fuld effekt;9;72793;12,36
2021-W10;40-64;Ikke vaccineret;1137;1697181;66,99
2021-W10;40-64;Påbegyndt vaccinationsforløb;66;135851;48,58
2021-W10;65-79;Forventet fuld effekt;3;30873;9,72
2021-W10;65-79;Ikke vaccineret;155;794557;19,51
2021-W10;65-79;Påbegyndt vaccinationsforløb;20;69755;28,67
2021-W10;80+;Forventet fuld effekt;2;39617;5,05
2021-W10;80+;Ikke vaccineret;32;127214;25,15
2021-W10;80+;Påbegyndt vaccinationsforløb;14;104934;13,34
2021-W11;12-15;Forventet fuld effekt;0;6;0,00
2021-W11;12-15;Ikke vaccineret;266;283537;93,81
2021-W11;12-15;Påbegyndt vaccinationsforløb;0;67;0,00
2021-W11;16-19;Forventet fuld effekt;0;832;0,00
2021-W11;16-19;Ikke vaccineret;329;274654;119,79
2021-W11;16-19;Påbegyndt vaccinationsforløb;1;2679;37,33
2021-W11;20-39;Forventet fuld effekt;9;32070;28,06
2021-W11;20-39;Ikke vaccineret;1420;1383399;102,65
2021-W11;20-39;Påbegyndt vaccinationsforløb;37;69829;52,99
2021-W11;40-64;Forventet fuld effekt;12;75613;15,87
2021-W11;40-64;Ikke vaccineret;1317;1685338;78,14
2021-W11;40-64;Påbegyndt vaccinationsforløb;75;144874;51,77
2021-W11;65-79;Forventet fuld effekt;5;32791;15,25
2021-W11;65-79;Ikke vaccineret;214;783911;27,30
2021-W11;65-79;Påbegyndt vaccinationsforløb;16;78482;20,39
2021-W11;80+;Forventet fuld effekt;1;45403;2,20
2021-W11;80+;Ikke vaccineret;24;113568;21,13
2021-W11;80+;Påbegyndt vaccinationsforløb;15;112795;13,30
2021-W12;12-15;Forventet fuld effekt;0;7;0,00
2021-W12;12-15;Ikke vaccineret;273;283534;96,28
2021-W12;12-15;Påbegyndt vaccinationsforløb;0;69;0,00
2021-W12;16-19;Forventet fuld effekt;0;891;0,00
2021-W12;16-19;Ikke vaccineret;354;274391;129,01
2021-W12;16-19;Påbegyndt vaccinationsforløb;1;2883;34,68
2021-W12;20-39;Forventet fuld effekt;7;33484;20,91
2021-W12;20-39;Ikke vaccineret;1659;1379369;120,27
2021-W12;20-39;Påbegyndt vaccinationsforløb;38;72445;52,45
2021-W12;40-64;Forventet fuld effekt;21;79061;26,56
2021-W12;40-64;Ikke vaccineret;1531;1675852;91,36
2021-W12;40-64;Påbegyndt vaccinationsforløb;71;150912;47,05
2021-W12;65-79;Forventet fuld effekt;3;36396;8,24
2021-W12;65-79;Ikke vaccineret;251;773404;32,45
2021-W12;65-79;Påbegyndt vaccinationsforløb;21;85384;24,59
2021-W12;80+;Forventet fuld effekt;7;77332;9,05
2021-W12;80+;Ikke vaccineret;27;89628;30,12
2021-W12;80+;Påbegyndt vaccinationsforløb;20;104805;19,08
2021-W13;12-15;Forventet fuld effekt;0;9;0,00
2021-W13;12-15;Ikke vaccineret;238;283531;83,94
2021-W13;12-15;Påbegyndt vaccinationsforløb;0;70;0,00
2021-W13;16-19;Forventet fuld effekt;0;1037;0,00
2021-W13;16-19;Ikke vaccineret;361;274183;131,66
2021-W13;16-19;Påbegyndt vaccinationsforløb;1;2945;33,95
2021-W13;20-39;Forventet fuld effekt;10;36056;27,73
2021-W13;20-39;Ikke vaccineret;1448;1376128;105,22
2021-W13;20-39;Påbegyndt vaccinationsforløb;29;73114;39,66
2021-W13;40-64;Forventet fuld effekt;10;87013;11,49
2021-W13;40-64;Ikke vaccineret;1339;1665693;80,39
2021-W13;40-64;Påbegyndt vaccinationsforløb;69;153119;45,06
2021-W13;65-79;Forventet fuld effekt;8;48718;16,42
2021-W13;65-79;Ikke vaccineret;224;743384;30,13
2021-W13;65-79;Påbegyndt vaccinationsforløb;28;103083;27,16
2021-W13;80+;Forventet fuld effekt;8;114252;7,00
2021-W13;80+;Ikke vaccineret;26;55497;46,85
2021-W13;80+;Påbegyndt vaccinationsforløb;18;102016;17,64
2021-W14;12-15;Forventet fuld effekt;0;16;0,00
2021-W14;12-15;Ikke vaccineret;278;283531;98,05
2021-W14;12-15;Påbegyndt vaccinationsforløb;0;63;0,00
2021-W14;16-19;Forventet fuld effekt;2;1299;153,93
2021-W14;16-19;Ikke vaccineret;465;273998;169,71
2021-W14;16-19;Påbegyndt vaccinationsforløb;4;2868;139,46
2021-W14;20-39;Forventet fuld effekt;15;39814;37,68
2021-W14;20-39;Ikke vaccineret;1531;1373584;111,46
2021-W14;20-39;Påbegyndt vaccinationsforløb;38;71900;52,85
2021-W14;40-64;Forventet fuld effekt;27;100072;26,98
2021-W14;40-64;Ikke vaccineret;1304;1658194;78,64
2021-W14;40-64;Påbegyndt vaccinationsforløb;61;147559;41,34
2021-W14;65-79;Forventet fuld effekt;8;71217;11,23
2021-W14;65-79;Ikke vaccineret;233;687155;33,91
2021-W14;65-79;Påbegyndt vaccinationsforløb;20;136811;14,62
2021-W14;80+;Forventet fuld effekt;13;128765;10,10
2021-W14;80+;Ikke vaccineret;13;35289;36,84
2021-W14;80+;Påbegyndt vaccinationsforløb;25;107711;23,21
2021-W15;12-15;Forventet fuld effekt;0;31;0,00
2021-W15;12-15;Ikke vaccineret;311;283528;109,69
2021-W15;12-15;Påbegyndt vaccinationsforløb;0;51;0,00
2021-W15;16-19;Forventet fuld effekt;0;1551;0,00
2021-W15;16-19;Ikke vaccineret;495;273811;180,78
2021-W15;16-19;Påbegyndt vaccinationsforløb;3;2803;107,03
2021-W15;20-39;Forventet fuld effekt;8;43181;18,53
2021-W15;20-39;Ikke vaccineret;1684;1370964;122,83
2021-W15;20-39;Påbegyndt vaccinationsforløb;48;71153;67,46
2021-W15;40-64;Forventet fuld effekt;24;111129;21,60
2021-W15;40-64;Ikke vaccineret;1448;1651579;87,67
2021-W15;40-64;Påbegyndt vaccinationsforløb;62;143117;43,32
2021-W15;65-79;Forventet fuld effekt;6;91473;6,56
2021-W15;65-79;Ikke vaccineret;156;532629;29,29
2021-W15;65-79;Påbegyndt vaccinationsforløb;55;271082;20,29
2021-W15;80+;Forventet fuld effekt;16;137384;11,65
2021-W15;80+;Ikke vaccineret;8;22475;35,60
2021-W15;80+;Påbegyndt vaccinationsforløb;8;111906;7,15
2021-W16;12-15;Forventet fuld effekt;0;53;0,00
2021-W16;12-15;Ikke vaccineret;358;283526;126,27
2021-W16;12-15;Påbegyndt vaccinationsforløb;0;31;0,00
2021-W16;16-19;Forventet fuld effekt;0;1763;0,00
2021-W16;16-19;Ikke vaccineret;372;273652;135,94
2021-W16;16-19;Påbegyndt vaccinationsforløb;2;2750;72,73
2021-W16;20-39;Forventet fuld effekt;11;46756;23,53
2021-W16;20-39;Ikke vaccineret;1531;1368916;111,84
2021-W16;20-39;Påbegyndt vaccinationsforløb;40;69625;57,45
2021-W16;40-64;Forventet fuld effekt;36;120773;29,81
2021-W16;40-64;Ikke vaccineret;1481;1646360;89,96
2021-W16;40-64;Påbegyndt vaccinationsforløb;60;138692;43,26
2021-W16;65-79;Forventet fuld effekt;11;104912;10,48
2021-W16;65-79;Ikke vaccineret;130;397710;32,69
2021-W16;65-79;Påbegyndt vaccinationsforløb;76;392562;19,36
2021-W16;80+;Forventet fuld effekt;15;147239;10,19
2021-W16;80+;Ikke vaccineret;4;19026;21,02
2021-W16;80+;Påbegyndt vaccinationsforløb;17;105501;16,11
2021-W17;12-15;Forventet fuld effekt;0;65;0,00
2021-W17;12-15;Ikke vaccineret;322;283525;113,57
2021-W17;12-15;Påbegyndt vaccinationsforløb;0;20;0,00
2021-W17;16-19;Forventet fuld effekt;1;2072;48,26
2021-W17;16-19;Ikke vaccineret;476;273494;174,04
2021-W17;16-19;Påbegyndt vaccinationsforløb;3;2599;115,43
2021-W17;20-39;Forventet fuld effekt;15;51751;28,98
2021-W17;20-39;Ikke vaccineret;1929;1366975;141,11
2021-W17;20-39;Påbegyndt vaccinationsforløb;53;66572;79,61
2021-W17;40-64;Forventet fuld effekt;34;132682;25,63
2021-W17;40-64;Ikke vaccineret;1651;1636745;100,87
2021-W17;40-64;Påbegyndt vaccinationsforløb;79;136399;57,92
2021-W17;65-79;Forventet fuld effekt;11;117804;9,34
2021-W17;65-79;Ikke vaccineret;125;256501;48,73
2021-W17;65-79;Påbegyndt vaccinationsforløb;106;520880;20,35
2021-W17;80+;Forventet fuld effekt;9;171219;5,26
2021-W17;80+;Ikke vaccineret;9;16815;53,52
2021-W17;80+;Påbegyndt vaccinationsforløb;3;83731;3,58
2021-W18;12-15;Forventet fuld effekt;0;68;0,00
2021-W18;12-15;Ikke vaccineret;369;283523;130,15
2021-W18;12-15;Påbegyndt vaccinationsforløb;0;19;0,00
2021-W18;16-19;Forventet fuld effekt;3;2267;132,31
2021-W18;16-19;Ikke vaccineret;804;273319;294,16
2021-W18;16-19;Påbegyndt vaccinationsforløb;1;2579;38,78
2021-W18;20-39;Forventet fuld effekt;18;54597;32,97
2021-W18;20-39;Ikke vaccineret;2306;1364699;168,98
2021-W18;20-39;Påbegyndt vaccinationsforløb;49;66002;74,24
2021-W18;40-64;Forventet fuld effekt;35;142393;24,58
2021-W18;40-64;Ikke vaccineret;1835;1596275;114,96
2021-W18;40-64;Påbegyndt vaccinationsforløb;106;167157;63,41
2021-W18;65-79;Forventet fuld effekt;20;137947;14,50
2021-W18;65-79;Ikke vaccineret;79;163332;48,37
2021-W18;65-79;Påbegyndt vaccinationsforløb;168;593905;28,29
2021-W18;80+;Forventet fuld effekt;16;206143;7,76
2021-W18;80+;Ikke vaccineret;4;15267;26,20
2021-W18;80+;Påbegyndt vaccinationsforløb;6;50355;11,92
2021-W19;12-15;Forventet fuld effekt;0;68;0,00
2021-W19;12-15;Ikke vaccineret;468;283513;165,07
2021-W19;12-15;Påbegyndt vaccinationsforløb;0;29;0,00
2021-W19;16-19;Forventet fuld effekt;1;2444;40,92
2021-W19;16-19;Ikke vaccineret;980;273159;358,76
2021-W19;16-19;Påbegyndt vaccinationsforløb;4;2562;156,13
2021-W19;20-39;Forventet fuld effekt;21;57482;36,53
2021-W19;20-39;Ikke vaccineret;2624;1362068;192,65
2021-W19;20-39;Påbegyndt vaccinationsforløb;55;65749;83,65
2021-W19;40-64;Forventet fuld effekt;48;150289;31,94
2021-W19;40-64;Ikke vaccineret;1806;1518734;118,91
2021-W19;40-64;Påbegyndt vaccinationsforløb;143;236802;60,39
2021-W19;65-79;Forventet fuld effekt;18;185503;9,70
2021-W19;65-79;Ikke vaccineret;52;98937;52,56
2021-W19;65-79;Påbegyndt vaccinationsforløb;157;610744;25,71
2021-W19;80+;Forventet fuld effekt;22;228486;9,63
2021-W19;80+;Ikke vaccineret;4;14114;28,34
2021-W19;80+;Påbegyndt vaccinationsforløb;0;29165;0,00
2021-W20;12-15;Forventet fuld effekt;0;71;0,00
2021-W20;12-15;Ikke vaccineret;409;283484;144,28
2021-W20;12-15;Påbegyndt vaccinationsforløb;0;55;0,00
2021-W20;16-19;Forventet fuld effekt;2;2758;72,52
2021-W20;16-19;Ikke vaccineret;957;272973;350,58
2021-W20;16-19;Påbegyndt vaccinationsforløb;4;2434;164,33
2021-W20;20-39;Forventet fuld effekt;31;65209;47,54
2021-W20;20-39;Ikke vaccineret;2654;1359407;195,23
2021-W20;20-39;Påbegyndt vaccinationsforløb;46;60682;75,81
2021-W20;40-64;Forventet fuld effekt;39;166822;23,38
2021-W20;40-64;Ikke vaccineret;1673;1378055;121,40
2021-W20;40-64;Påbegyndt vaccinationsforløb;248;360948;68,71
2021-W20;65-79;Forventet fuld effekt;16;307010;5,21
2021-W20;65-79;Ikke vaccineret;43;67098;64,09
2021-W20;65-79;Påbegyndt vaccinationsforløb;138;521076;26,48
2021-W20;80+;Forventet fuld effekt;3;241557;1,24
2021-W20;80+;Ikke vaccineret;3;13318;22,53
2021-W20;80+;Påbegyndt vaccinationsforløb;1;16890;5,92
2021-W21;12-15;Forventet fuld effekt;0;75;0,00
2021-W21;12-15;Ikke vaccineret;416;283466;146,75
2021-W21;12-15;Påbegyndt vaccinationsforløb;0;69;0,00
2021-W21;16-19;Forventet fuld effekt;0;3154;0,00
2021-W21;16-19;Ikke vaccineret;846;271496;311,61
2021-W21;16-19;Påbegyndt vaccinationsforløb;8;3516;227,56
2021-W21;20-39;Forventet fuld effekt;25;75412;33,15
2021-W21;20-39;Ikke vaccineret;2719;1356718;200,41
2021-W21;20-39;Påbegyndt vaccinationsforløb;44;53167;82,76
2021-W21;40-64;Forventet fuld effekt;45;188892;23,82
2021-W21;40-64;Ikke vaccineret;1461;1166890;125,20
2021-W21;40-64;Påbegyndt vaccinationsforløb;425;550042;77,27
2021-W21;65-79;Forventet fuld effekt;16;449418;3,56
2021-W21;65-79;Ikke vaccineret;21;52724;39,83
2021-W21;65-79;Påbegyndt vaccinationsforløb;68;393041;17,30
2021-W21;80+;Forventet fuld effekt;19;249637;7,61
2021-W21;80+;Ikke vaccineret;1;12660;7,90
2021-W21;80+;Påbegyndt vaccinationsforløb;0;9468;0,00
2021-W22;12-15;Forventet fuld effekt;0;78;0,00
2021-W22;12-15;Ikke vaccineret;407;283454;143,59
2021-W22;12-15;Påbegyndt vaccinationsforløb;0;78;0,00
2021-W22;16-19;Forventet fuld effekt;0;3658;0,00
2021-W22;16-19;Ikke vaccineret;804;261996;306,87
2021-W22;16-19;Påbegyndt vaccinationsforløb;28;12511;223,80
2021-W22;20-39;Forventet fuld effekt;18;88746;20,28
2021-W22;20-39;Ikke vaccineret;2285;1350369;169,21
2021-W22;20-39;Påbegyndt vaccinationsforløb;35;46184;75,78
2021-W22;40-64;Forventet fuld effekt;40;216327;18,49
2021-W22;40-64;Ikke vaccineret;933;929743;100,35
2021-W22;40-64;Påbegyndt vaccinationsforløb;440;759755;57,91
2021-W22;65-79;Forventet fuld effekt;25;566731;4,41
2021-W22;65-79;Ikke vaccineret;14;45320;30,89
2021-W22;65-79;Påbegyndt vaccinationsforløb;39;283133;13,77
2021-W22;80+;Forventet fuld effekt;18;252532;7,13
2021-W22;80+;Ikke vaccineret;1;12078;8,28
2021-W22;80+;Påbegyndt vaccinationsforløb;0;7155;0,00
2021-W23;12-15;Forventet fuld effekt;0;80;0,00
2021-W23;12-15;Ikke vaccineret;181;283440;63,86
2021-W23;12-15;Påbegyndt vaccinationsforløb;0;90;0,00
2021-W23;16-19;Forventet fuld effekt;0;4172;0,00
2021-W23;16-19;Ikke vaccineret;261;217183;120,18
2021-W23;16-19;Påbegyndt vaccinationsforløb;50;56810;88,01
2021-W23;20-39;Forventet fuld effekt;13;102654;12,66
2021-W23;20-39;Ikke vaccineret;1229;1322730;92,91
2021-W23;20-39;Påbegyndt vaccinationsforløb;43;59914;71,77
2021-W23;40-64;Forventet fuld effekt;25;242315;10,32
2021-W23;40-64;Ikke vaccineret;418;703063;59,45
2021-W23;40-64;Påbegyndt vaccinationsforløb;272;960448;28,32
2021-W23;65-79;Forventet fuld effekt;18;613470;2,93
2021-W23;65-79;Ikke vaccineret;5;41731;11,98
2021-W23;65-79;Påbegyndt vaccinationsforløb;20;239983;8,33
2021-W23;80+;Forventet fuld effekt;8;253867;3,15
2021-W23;80+;Ikke vaccineret;1;11685;8,56
2021-W23;80+;Påbegyndt vaccinationsforløb;0;6213;0,00
2021-W24;12-15;Forventet fuld effekt;0;92;0,00
2021-W24;12-15;Ikke vaccineret;96;283427;33,87
2021-W24;12-15;Påbegyndt vaccinationsforløb;0;90;0,00
2021-W24;16-19;Forventet fuld effekt;0;4513;0,00
2021-W24;16-19;Ikke vaccineret;122;153995;79,22
2021-W24;16-19;Påbegyndt vaccinationsforløb;59;119658;49,31
2021-W24;20-39;Forventet fuld effekt;7;115729;6,05
2021-W24;20-39;Ikke vaccineret;681;1259569;54,07
2021-W24;20-39;Påbegyndt vaccinationsforløb;73;109999;66,36
2021-W24;40-64;Forventet fuld effekt;25;266465;9,38
2021-W24;40-64;Ikke vaccineret;190;503043;37,77
2021-W24;40-64;Påbegyndt vaccinationsforløb;183;1136317;16,10
2021-W24;65-79;Forventet fuld effekt;13;673673;1,93
2021-W24;65-79;Ikke vaccineret;2;39391;5,08
2021-W24;65-79;Påbegyndt vaccinationsforløb;8;182120;4,39
2021-W24;80+;Forventet fuld effekt;7;255078;2,74
2021-W24;80+;Ikke vaccineret;3;11364;26,40
2021-W24;80+;Påbegyndt vaccinationsforløb;2;5323;37,57
2021-W25;12-15;Forventet fuld effekt;0;117;0,00
2021-W25;12-15;Ikke vaccineret;67;283272;23,65
2021-W25;12-15;Påbegyndt vaccinationsforløb;0;222;0,00
2021-W25;16-19;Forventet fuld effekt;1;4836;20,68
2021-W25;16-19;Ikke vaccineret;54;110844;48,72
2021-W25;16-19;Påbegyndt vaccinationsforløb;48;162485;29,54
2021-W25;20-39;Forventet fuld effekt;17;133829;12,70
2021-W25;20-39;Ikke vaccineret;571;1175599;48,57
2021-W25;20-39;Påbegyndt vaccinationsforløb;142;175869;80,74
2021-W25;40-64;Forventet fuld effekt;13;311284;4,18
2021-W25;40-64;Ikke vaccineret;103;367368;28,04
2021-W25;40-64;Påbegyndt vaccinationsforløb;168;1227173;13,69
2021-W25;65-79;Forventet fuld effekt;10;737306;1,36
2021-W25;65-79;Ikke vaccineret;1;37758;2,65
2021-W25;65-79;Påbegyndt vaccinationsforløb;3;120120;2,50
2021-W25;80+;Forventet fuld effekt;4;256096;1,56
2021-W25;80+;Ikke vaccineret;0;11119;0,00
2021-W25;80+;Påbegyndt vaccinationsforløb;0;4550;0,00
2021-W26;12-15;Forventet fuld effekt;0;129;0,00
2021-W26;12-15;Ikke vaccineret;107;279926;38,22
2021-W26;12-15;Påbegyndt vaccinationsforløb;2;3555;56,26
2021-W26;16-19;Forventet fuld effekt;1;5090;19,65
2021-W26;16-19;Ikke vaccineret;145;85435;169,72
2021-W26;16-19;Påbegyndt vaccinationsforløb;283;187640;150,82
2021-W26;20-39;Forventet fuld effekt;68;150927;45,05
2021-W26;20-39;Ikke vaccineret;1022;1085418;94,16
2021-W26;20-39;Påbegyndt vaccinationsforløb;449;248954;180,35
2021-W26;40-64;Forventet fuld effekt;27;374472;7,21
2021-W26;40-64;Ikke vaccineret;99;292126;33,89
2021-W26;40-64;Påbegyndt vaccinationsforløb;298;1239228;24,05
2021-W26;65-79;Forventet fuld effekt;23;793123;2,90
2021-W26;65-79;Ikke vaccineret;4;36737;10,89
2021-W26;65-79;Påbegyndt vaccinationsforløb;2;65324;3,06
2021-W26;80+;Forventet fuld effekt;3;256854;1,17
2021-W26;80+;Ikke vaccineret;0;10947;0,00
2021-W26;80+;Påbegyndt vaccinationsforløb;1;3964;25,23
2021-W27;12-15;Forventet fuld effekt;0;141;0,00
2021-W27;12-15;Ikke vaccineret;194;273305;70,98
2021-W27;12-15;Påbegyndt vaccinationsforløb;18;10164;177,09
2021-W27;16-19;Forventet fuld effekt;3;5318;56,41
2021-W27;16-19;Ikke vaccineret;174;71360;243,83
2021-W27;16-19;Påbegyndt vaccinationsforløb;427;201487;211,92
2021-W27;20-39;Forventet fuld effekt;175;158819;110,19
2021-W27;20-39;Ikke vaccineret;1603;949080;168,90
2021-W27;20-39;Påbegyndt vaccinationsforløb;1016;377399;269,21
2021-W27;40-64;Forventet fuld effekt;80;510080;15,68
2021-W27;40-64;Ikke vaccineret;152;247694;61,37
2021-W27;40-64;Påbegyndt vaccinationsforløb;472;1148050;41,11
2021-W27;65-79;Forventet fuld effekt;46;826175;5,57
2021-W27;65-79;Ikke vaccineret;7;35686;19,62
2021-W27;65-79;Påbegyndt vaccinationsforløb;3;33323;9,00
2021-W27;80+;Forventet fuld effekt;8;257524;3,11
2021-W27;80+;Ikke vaccineret;1;10789;9,27
2021-W27;80+;Påbegyndt vaccinationsforløb;0;3452;0,00
2021-W28;12-15;Forventet fuld effekt;0;151;0,00
2021-W28;12-15;Ikke vaccineret;278;265375;104,76
2021-W28;12-15;Påbegyndt vaccinationsforløb;19;18083;105,07
2021-W28;16-19;Forventet fuld effekt;9;6599;136,38
2021-W28;16-19;Ikke vaccineret;243;63340;383,64
2021-W28;16-19;Påbegyndt vaccinationsforløb;620;208226;297,75
2021-W28;20-39;Forventet fuld effekt;300;163897;183,04
2021-W28;20-39;Ikke vaccineret;2025;724223;279,61
2021-W28;20-39;Påbegyndt vaccinationsforløb;1972;597178;330,22
2021-W28;40-64;Forventet fuld effekt;160;726580;22,02
2021-W28;40-64;Ikke vaccineret;198;222643;88,93
2021-W28;40-64;Påbegyndt vaccinationsforløb;512;956603;53,52
2021-W28;65-79;Forventet fuld effekt;57;840068;6,79
2021-W28;65-79;Ikke vaccineret;9;34710;25,93
2021-W28;65-79;Påbegyndt vaccinationsforløb;3;20406;14,70
2021-W28;80+;Forventet fuld effekt;19;258140;7,36
2021-W28;80+;Ikke vaccineret;3;10642;28,19
2021-W28;80+;Påbegyndt vaccinationsforløb;0;2983;0,00
2021-W29;12-15;Forventet fuld effekt;0;161;0,00
2021-W29;12-15;Ikke vaccineret;318;234635;135,53
2021-W29;12-15;Påbegyndt vaccinationsforløb;33;48815;67,60
2021-W29;16-19;Forventet fuld effekt;11;16186;67,96
2021-W29;16-19;Ikke vaccineret;231;58283;396,34
2021-W29;16-19;Påbegyndt vaccinationsforløb;389;203696;190,97
2021-W29;20-39;Forventet fuld effekt;201;168145;119,54
2021-W29;20-39;Ikke vaccineret;1314;568922;230,96
2021-W29;20-39;Påbegyndt vaccinationsforløb;1487;748230;198,74
2021-W29;40-64;Forventet fuld effekt;157;964974;16,27
2021-W29;40-64;Ikke vaccineret;196;208711;93,91
2021-W29;40-64;Påbegyndt vaccinationsforløb;367;732140;50,13
2021-W29;65-79;Forventet fuld effekt;82;847821;9,67
2021-W29;65-79;Ikke vaccineret;9;33983;26,48
2021-W29;65-79;Påbegyndt vaccinationsforløb;0;13380;0,00
2021-W29;80+;Forventet fuld effekt;31;258687;11,98
2021-W29;80+;Ikke vaccineret;1;10502;9,52
2021-W29;80+;Påbegyndt vaccinationsforløb;0;2576;0,00
2021-W30;12-15;Forventet fuld effekt;0;173;0,00
2021-W30;12-15;Ikke vaccineret;345;194333;177,53
2021-W30;12-15;Påbegyndt vaccinationsforløb;68;89104;76,32
2021-W30;16-19;Forventet fuld effekt;27;55302;48,82
2021-W30;16-19;Ikke vaccineret;291;54235;536,55
2021-W30;16-19;Påbegyndt vaccinationsforløb;390;168628;231,28
2021-W30;20-39;Forventet fuld effekt;259;184664;140,25
2021-W30;20-39;Ikke vaccineret;1481;475726;311,31
2021-W30;20-39;Påbegyndt vaccinationsforløb;1637;824908;198,45
2021-W30;40-64;Forventet fuld effekt;300;1182390;25,37
2021-W30;40-64;Ikke vaccineret;325;197830;164,28
2021-W30;40-64;Påbegyndt vaccinationsforløb;357;525605;67,92
2021-W30;65-79;Forventet fuld effekt;95;851603;11,16
2021-W30;65-79;Ikke vaccineret;10;33349;29,99
2021-W30;65-79;Påbegyndt vaccinationsforløb;5;10232;48,87
2021-W30;80+;Forventet fuld effekt;24;259086;9,26
2021-W30;80+;Ikke vaccineret;1;10393;9,62
2021-W30;80+;Påbegyndt vaccinationsforløb;0;2286;0,00
2021-W31;12-15;Forventet fuld effekt;0;492;0,00
2021-W31;12-15;Ikke vaccineret;446;159778;279,14
2021-W31;12-15;Påbegyndt vaccinationsforløb;109;123340;88,37
2021-W31;16-19;Forventet fuld effekt;41;114875;35,69
2021-W31;16-19;Ikke vaccineret;342;51359;665,90
2021-W31;16-19;Påbegyndt vaccinationsforløb;228;111931;203,70
2021-W31;20-39;Forventet fuld effekt;281;241289;116,46
2021-W31;20-39;Ikke vaccineret;1570;428100;366,74
2021-W31;20-39;Påbegyndt vaccinationsforløb;1140;815909;139,72
2021-W31;40-64;Forventet fuld effekt;401;1380596;29,05
2021-W31;40-64;Ikke vaccineret;440;190664;230,77
2021-W31;40-64;Påbegyndt vaccinationsforløb;319;334565;95,35
2021-W31;65-79;Forventet fuld effekt;132;854104;15,45
2021-W31;65-79;Ikke vaccineret;12;32872;36,50
2021-W31;65-79;Påbegyndt vaccinationsforløb;3;8208;36,55
2021-W31;80+;Forventet fuld effekt;36;259429;13,88
2021-W31;80+;Ikke vaccineret;0;10298;0,00
2021-W31;80+;Påbegyndt vaccinationsforløb;0;2039;0,00
2021-W32;12-15;Forventet fuld effekt;1;1942;51,49
2021-W32;12-15;Ikke vaccineret;486;134544;361,22
2021-W32;12-15;Påbegyndt vaccinationsforløb;191;147124;129,82
2021-W32;16-19;Forventet fuld effekt;73;160321;45,53
2021-W32;16-19;Ikke vaccineret;337;48950;688,45
2021-W32;16-19;Påbegyndt vaccinationsforløb;124;68894;179,99
2021-W32;20-39;Forventet fuld effekt;303;330105;91,79
2021-W32;20-39;Ikke vaccineret;1665;402259;413,91
2021-W32;20-39;Påbegyndt vaccinationsforløb;934;752934;124,05
2021-W32;40-64;Forventet fuld effekt;545;1514850;35,98
2021-W32;40-64;Ikke vaccineret;456;184796;246,76
2021-W32;40-64;Påbegyndt vaccinationsforløb;289;206179;140,17
2021-W32;65-79;Forventet fuld effekt;157;855895;18,34
2021-W32;65-79;Ikke vaccineret;13;32464;40,04
2021-W32;65-79;Påbegyndt vaccinationsforløb;3;6825;43,96
2021-W32;80+;Forventet fuld effekt;46;259696;17,71
2021-W32;80+;Ikke vaccineret;8;10224;78,25
2021-W32;80+;Påbegyndt vaccinationsforløb;2;1845;108,39
2021-W33;12-15;Forventet fuld effekt;2;7993;25,02
2021-W33;12-15;Ikke vaccineret;591;120285;491,33
2021-W33;12-15;Påbegyndt vaccinationsforløb;184;155332;118,46
2021-W33;16-19;Forventet fuld effekt;77;188326;40,89
2021-W33;16-19;Ikke vaccineret;292;46571;626,99
2021-W33;16-19;Påbegyndt vaccinationsforløb;63;43268;145,61
2021-W33;20-39;Forventet fuld effekt;337;459429;73,35
2021-W33;20-39;Ikke vaccineret;1430;382043;374,30
2021-W33;20-39;Påbegyndt vaccinationsforløb;577;643826;89,62
2021-W33;40-64;Forventet fuld effekt;657;1598392;41,10
2021-W33;40-64;Ikke vaccineret;459;179701;255,42
2021-W33;40-64;Påbegyndt vaccinationsforløb;172;127732;134,66
2021-W33;65-79;Forventet fuld effekt;204;857147;23,80
2021-W33;65-79;Ikke vaccineret;22;32056;68,63
2021-W33;65-79;Påbegyndt vaccinationsforløb;4;5981;66,88
2021-W33;80+;Forventet fuld effekt;63;259882;24,24
2021-W33;80+;Ikke vaccineret;5;10145;49,29
2021-W33;80+;Påbegyndt vaccinationsforløb;0;1738;0,00
2021-W34;12-15;Forventet fuld effekt;3;27811;10,79
2021-W34;12-15;Ikke vaccineret;494;108897;453,64
2021-W34;12-15;Påbegyndt vaccinationsforløb;160;146902;108,92
2021-W34;16-19;Forventet fuld effekt;61;204461;29,83
2021-W34;16-19;Ikke vaccineret;225;44478;505,86
2021-W34;16-19;Påbegyndt vaccinationsforløb;43;29226;147,13
2021-W34;20-39;Forventet fuld effekt;345;684227;50,42
2021-W34;20-39;Ikke vaccineret;1110;365771;303,47
2021-W34;20-39;Påbegyndt vaccinationsforløb;350;435301;80,40
2021-W34;40-64;Forventet fuld effekt;802;1652589;48,53
2021-W34;40-64;Ikke vaccineret;476;175100;271,84
2021-W34;40-64;Påbegyndt vaccinationsforløb;118;78136;151,02
2021-W34;65-79;Forventet fuld effekt;226;858605;26,32
2021-W34;65-79;Ikke vaccineret;28;31605;88,59
2021-W34;65-79;Påbegyndt vaccinationsforløb;4;4974;80,42
2021-W34;80+;Forventet fuld effekt;64;260127;24,60
2021-W34;80+;Ikke vaccineret;9;10045;89,60
2021-W34;80+;Påbegyndt vaccinationsforløb;1;1593;62,77
2021-W35;12-15;Forventet fuld effekt;9;66250;13,58
2021-W35;12-15;Ikke vaccineret;333;100863;330,15
2021-W35;12-15;Påbegyndt vaccinationsforløb;91;116497;78,11
2021-W35;16-19;Forventet fuld effekt;51;214281;23,80
2021-W35;16-19;Ikke vaccineret;131;42836;305,82
2021-W35;16-19;Påbegyndt vaccinationsforløb;26;21048;123,53
2021-W35;20-39;Forventet fuld effekt;357;872675;40,91
2021-W35;20-39;Ikke vaccineret;798;354228;225,28
2021-W35;20-39;Påbegyndt vaccinationsforløb;192;258395;74,30
2021-W35;40-64;Forventet fuld effekt;708;1683318;42,06
2021-W35;40-64;Ikke vaccineret;322;171610;187,64
2021-W35;40-64;Påbegyndt vaccinationsforløb;61;50897;119,85
2021-W35;65-79;Forventet fuld effekt;188;859888;21,86
2021-W35;65-79;Ikke vaccineret;19;31191;60,92
2021-W35;65-79;Påbegyndt vaccinationsforløb;1;4105;24,36
2021-W35;80+;Forventet fuld effekt;66;260355;25,35
2021-W35;80+;Ikke vaccineret;14;9951;140,70
2021-W35;80+;Påbegyndt vaccinationsforløb;4;1459;274,13
2021-W36;12-15;Forventet fuld effekt;6;102968;5,83
2021-W36;12-15;Ikke vaccineret;183;95682;191,26
2021-W36;12-15;Påbegyndt vaccinationsforløb;39;84961;45,90
2021-W36;16-19;Forventet fuld effekt;35;219998;15,91
2021-W36;16-19;Ikke vaccineret;112;41737;268,35
2021-W36;16-19;Påbegyndt vaccinationsforløb;9;16430;54,78
2021-W36;20-39;Forventet fuld effekt;314;978257;32,10
2021-W36;20-39;Ikke vaccineret;608;346822;175,31
2021-W36;20-39;Påbegyndt vaccinationsforløb;120;160219;74,90
2021-W36;40-64;Forventet fuld effekt;476;1698135;28,03
2021-W36;40-64;Ikke vaccineret;233;169128;137,77
2021-W36;40-64;Påbegyndt vaccinationsforløb;47;38562;121,88
2021-W36;65-79;Forventet fuld effekt;166;860685;19,29
2021-W36;65-79;Ikke vaccineret;13;30914;42,05
2021-W36;65-79;Påbegyndt vaccinationsforløb;3;3584;83,70
2021-W36;80+;Forventet fuld effekt;67;260522;25,72
2021-W36;80+;Ikke vaccineret;3;9889;30,34
2021-W36;80+;Påbegyndt vaccinationsforløb;0;1354;0,00
2021-W37;12-15;Forventet fuld effekt;3;135549;2,21
2021-W37;12-15;Ikke vaccineret;149;91974;162,00
2021-W37;12-15;Påbegyndt vaccinationsforløb;13;56148;23,15
2021-W37;16-19;Forventet fuld effekt;12;224033;5,36
2021-W37;16-19;Ikke vaccineret;62;40946;151,42
2021-W37;16-19;Påbegyndt vaccinationsforløb;5;13195;37,89
2021-W37;20-39;Forventet fuld effekt;229;1036450;22,09
2021-W37;20-39;Ikke vaccineret;395;341185;115,77
2021-W37;20-39;Påbegyndt vaccinationsforløb;57;107740;52,91
2021-W37;40-64;Forventet fuld effekt;350;1708105;20,49
2021-W37;40-64;Ikke vaccineret;158;167105;94,55
2021-W37;40-64;Påbegyndt vaccinationsforløb;15;30625;48,98
2021-W37;65-79;Forventet fuld effekt;122;861300;14,16
2021-W37;65-79;Ikke vaccineret;10;30656;32,62
2021-W37;65-79;Påbegyndt vaccinationsforløb;2;3216;62,19
2021-W37;80+;Forventet fuld effekt;48;260621;18,42
2021-W37;80+;Ikke vaccineret;2;9812;20,38
2021-W37;80+;Påbegyndt vaccinationsforløb;0;1312;0,00
2021-W38;12-15;Forventet fuld effekt;6;154311;3,89
2021-W38;12-15;Ikke vaccineret;171;89937;190,13
2021-W38;12-15;Påbegyndt vaccinationsforløb;16;40234;39,77
2021-W38;16-19;Forventet fuld effekt;33;226727;14,55
2021-W38;16-19;Ikke vaccineret;57;40561;140,53
2021-W38;16-19;Påbegyndt vaccinationsforløb;7;11069;63,24
2021-W38;20-39;Forventet fuld effekt;245;1063648;23,03
2021-W38;20-39;Ikke vaccineret;414;337606;122,63
2021-W38;20-39;Påbegyndt vaccinationsforløb;48;85070;56,42
2021-W38;40-64;Forventet fuld effekt;421;1714150;24,56
2021-W38;40-64;Ikke vaccineret;188;165713;113,45
2021-W38;40-64;Påbegyndt vaccinationsforløb;15;26062;57,55
2021-W38;65-79;Forventet fuld effekt;179;861502;20,78
2021-W38;65-79;Ikke vaccineret;18;30418;59,17
2021-W38;65-79;Påbegyndt vaccinationsforløb;4;3006;133,07
2021-W38;80+;Forventet fuld effekt;75;260390;28,80
2021-W38;80+;Ikke vaccineret;3;9701;30,93
2021-W38;80+;Påbegyndt vaccinationsforløb;0;1288;0,00
2021-W39;12-15;Forventet fuld effekt;13;167636;7,75
2021-W39;12-15;Ikke vaccineret;162;88861;182,31
2021-W39;12-15;Påbegyndt vaccinationsforløb;17;29117;58,39
2021-W39;16-19;Forventet fuld effekt;28;228851;12,24
2021-W39;16-19;Ikke vaccineret;77;40385;190,67
2021-W39;16-19;Påbegyndt vaccinationsforløb;4;9353;42,77
2021-W39;20-39;Forventet fuld effekt;325;1082827;30,01
2021-W39;20-39;Ikke vaccineret;455;335301;135,70
2021-W39;20-39;Påbegyndt vaccinationsforløb;51;69491;73,39
2021-W39;40-64;Forventet fuld effekt;558;1718883;32,46
2021-W39;40-64;Ikke vaccineret;241;164680;146,34
2021-W39;40-64;Påbegyndt vaccinationsforløb;26;22479;115,66
2021-W39;65-79;Forventet fuld effekt;193;861608;22,40
2021-W39;65-79;Ikke vaccineret;14;30197;46,36
2021-W39;65-79;Påbegyndt vaccinationsforløb;5;2753;181,63
2021-W39;80+;Forventet fuld effekt;50;260096;19,22
2021-W39;80+;Ikke vaccineret;4;9617;41,59
2021-W39;80+;Påbegyndt vaccinationsforløb;2;1181;169,41
2021-W40;12-15;Forventet fuld effekt;17;176830;9,61
2021-W40;12-15;Ikke vaccineret;223;87968;253,50
2021-W40;12-15;Påbegyndt vaccinationsforløb;10;21879;45,71
2021-W40;16-19;Forventet fuld effekt;70;230547;30,36
2021-W40;16-19;Ikke vaccineret;77;40156;191,75
2021-W40;16-19;Påbegyndt vaccinationsforløb;4;8026;49,84
2021-W40;20-39;Forventet fuld effekt;434;1097398;39,55
2021-W40;20-39;Ikke vaccineret;618;333584;185,26
2021-W40;20-39;Påbegyndt vaccinationsforløb;59;57737;102,19
2021-W40;40-64;Forventet fuld effekt;806;1722647;46,79
2021-W40;40-64;Ikke vaccineret;254;163848;155,02
2021-W40;40-64;Påbegyndt vaccinationsforløb;27;19610;137,68
2021-W40;65-79;Forventet fuld effekt;282;861699;32,73
2021-W40;65-79;Ikke vaccineret;16;30077;53,20
2021-W40;65-79;Påbegyndt vaccinationsforløb;3;2443;122,79
2021-W40;80+;Forventet fuld effekt;78;259756;30,03
2021-W40;80+;Ikke vaccineret;3;9560;31,38
2021-W40;80+;Påbegyndt vaccinationsforløb;3;1059;283,40
2021-W41;12-15;Forventet fuld effekt;30;182971;16,40
2021-W41;12-15;Ikke vaccineret;228;87171;261,55
2021-W41;12-15;Påbegyndt vaccinationsforløb;10;17501;57,14
2021-W41;16-19;Forventet fuld effekt;81;231751;34,95
2021-W41;16-19;Ikke vaccineret;88;39947;220,29
2021-W41;16-19;Påbegyndt vaccinationsforløb;12;7129;168,32
2021-W41;20-39;Forventet fuld effekt;638;1107657;57,60
2021-W41;20-39;Ikke vaccineret;698;331706;210,43
2021-W41;20-39;Påbegyndt vaccinationsforløb;42;50215;83,64
2021-W41;40-64;Forventet fuld effekt;1126;1725447;65,26
2021-W41;40-64;Ikke vaccineret;324;163041;198,72
2021-W41;40-64;Påbegyndt vaccinationsforløb;23;17658;130,25
2021-W41;65-79;Forventet fuld effekt;427;861675;49,55
2021-W41;65-79;Ikke vaccineret;14;29982;46,69
2021-W41;65-79;Påbegyndt vaccinationsforløb;3;2207;135,92
2021-W41;80+;Forventet fuld effekt;89;259379;34,31
2021-W41;80+;Ikke vaccineret;10;9523;105,01
2021-W41;80+;Påbegyndt vaccinationsforløb;1;965;103,66
2021-W42;12-15;Forventet fuld effekt;54;186959;28,88
2021-W42;12-15;Ikke vaccineret;374;86384;432,95
2021-W42;12-15;Påbegyndt vaccinationsforløb;22;15317;143,63
2021-W42;16-19;Forventet fuld effekt;136;232646;58,46
2021-W42;16-19;Ikke vaccineret;157;39714;395,33
2021-W42;16-19;Påbegyndt vaccinationsforløb;8;6533;122,46
2021-W42;20-39;Forventet fuld effekt;1163;1114225;104,38
2021-W42;20-39;Ikke vaccineret;1248;329482;378,78
2021-W42;20-39;Påbegyndt vaccinationsforløb;85;46687;182,06
2021-W42;40-64;Forventet fuld effekt;2220;1727406;128,52
2021-W42;40-64;Ikke vaccineret;487;162248;300,16
2021-W42;40-64;Påbegyndt vaccinationsforløb;39;16582;235,19
2021-W42;65-79;Forventet fuld effekt;925;861579;107,36
2021-W42;65-79;Ikke vaccineret;35;29868;117,18
2021-W42;65-79;Påbegyndt vaccinationsforløb;3;2086;143,84
2021-W42;80+;Forventet fuld effekt;212;258913;81,88
2021-W42;80+;Ikke vaccineret;11;9484;115,98
2021-W42;80+;Påbegyndt vaccinationsforløb;2;923;216,68
2021-W43;12-15;Forventet fuld effekt;85;190118;44,71
2021-W43;12-15;Ikke vaccineret;509;84942;599,23
2021-W43;12-15;Påbegyndt vaccinationsforløb;20;14564;137,32
2021-W43;16-19;Forventet fuld effekt;287;233321;123,01
2021-W43;16-19;Ikke vaccineret;249;39431;631,48
2021-W43;16-19;Påbegyndt vaccinationsforløb;13;6216;209,12
2021-W43;20-39;Forventet fuld effekt;1698;1119818;151,63
2021-W43;20-39;Ikke vaccineret;1577;326269;483,34
2021-W43;20-39;Påbegyndt vaccinationsforløb;111;44837;247,56
2021-W43;40-64;Forventet fuld effekt;2932;1729138;169,56
2021-W43;40-64;Ikke vaccineret;701;161142;435,02
2021-W43;40-64;Påbegyndt vaccinationsforløb;45;16027;280,78
2021-W43;65-79;Forventet fuld effekt;1174;861458;136,28
2021-W43;65-79;Ikke vaccineret;51;29702;171,71
2021-W43;65-79;Påbegyndt vaccinationsforløb;5;2020;247,47
2021-W43;80+;Forventet fuld effekt;250;258408;96,75
2021-W43;80+;Ikke vaccineret;13;9430;137,85
2021-W43;80+;Påbegyndt vaccinationsforløb;1;890;112,36
2021-W44;12-15;Forventet fuld effekt;141;192505;73,24
2021-W44;12-15;Ikke vaccineret;642;82653;776,74
2021-W44;12-15;Påbegyndt vaccinationsforløb;49;15432;317,52
2021-W44;16-19;Forventet fuld effekt;344;233786;147,14
2021-W44;16-19;Ikke vaccineret;236;39046;604,42
2021-W44;16-19;Påbegyndt vaccinationsforløb;18;6237;288,60
2021-W44;20-39;Forventet fuld effekt;2199;1124362;195,58
2021-W44;20-39;Ikke vaccineret;1759;321885;546,47
2021-W44;20-39;Påbegyndt vaccinationsforløb;139;45155;307,83
2021-W44;40-64;Forventet fuld effekt;3700;1730456;213,82
2021-W44;40-64;Ikke vaccineret;815;159674;510,41
2021-W44;40-64;Påbegyndt vaccinationsforløb;65;16288;399,07
2021-W44;65-79;Forventet fuld effekt;1334;861302;154,88
2021-W44;65-79;Ikke vaccineret;43;29515;145,69
2021-W44;65-79;Påbegyndt vaccinationsforløb;5;2051;243,78
2021-W44;80+;Forventet fuld effekt;292;257963;113,19
2021-W44;80+;Ikke vaccineret;14;9379;149,26
2021-W44;80+;Påbegyndt vaccinationsforløb;1;868;115,21
2021-W45;12-15;Forventet fuld effekt;236;195013;121,02
2021-W45;12-15;Ikke vaccineret;927;78747;1177,19
2021-W45;12-15;Påbegyndt vaccinationsforløb;100;17881;559,26
2021-W45;16-19;Forventet fuld effekt;436;234276;186,11
2021-W45;16-19;Ikke vaccineret;335;38183;877,34
2021-W45;16-19;Påbegyndt vaccinationsforløb;37;6705;551,85
2021-W45;20-39;Forventet fuld effekt;3493;1128717;309,47
2021-W45;20-39;Ikke vaccineret;2183;313255;696,88
2021-W45;20-39;Påbegyndt vaccinationsforløb;237;49993;474,06
2021-W45;40-64;Forventet fuld effekt;5421;1731795;313,03
2021-W45;40-64;Ikke vaccineret;1105;156595;705,64
2021-W45;40-64;Påbegyndt vaccinationsforløb;82;18133;452,20
2021-W45;65-79;Forventet fuld effekt;1753;861096;203,58
2021-W45;65-79;Ikke vaccineret;70;29178;239,91
2021-W45;65-79;Påbegyndt vaccinationsforløb;8;2222;360,01
2021-W45;80+;Forventet fuld effekt;358;257433;139,07
2021-W45;80+;Ikke vaccineret;18;9278;194,00
2021-W45;80+;Påbegyndt vaccinationsforløb;3;878;341,63
2021-W46;12-15;Forventet fuld effekt;312;197141;158,26
2021-W46;12-15;Ikke vaccineret;1003;73370;1367,05
2021-W46;12-15;Påbegyndt vaccinationsforløb;181;22138;817,60
2021-W46;16-19;Forventet fuld effekt;667;234769;284,11
2021-W46;16-19;Ikke vaccineret;391;36529;1070,39
2021-W46;16-19;Påbegyndt vaccinationsforløb;55;7906;695,67
2021-W46;20-39;Forventet fuld effekt;4291;1133163;378,67
2021-W46;20-39;Ikke vaccineret;2644;299745;882,08
2021-W46;20-39;Påbegyndt vaccinationsforløb;349;59594;585,63
2021-W46;40-64;Forventet fuld effekt;6838;1733159;394,54
2021-W46;40-64;Ikke vaccineret;1342;151643;884,97
2021-W46;40-64;Påbegyndt vaccinationsforløb;170;21751;781,59
2021-W46;65-79;Forventet fuld effekt;2179;860917;253,10
2021-W46;65-79;Ikke vaccineret;99;28722;344,68
2021-W46;65-79;Påbegyndt vaccinationsforløb;3;2508;119,61
2021-W46;80+;Forventet fuld effekt;426;256943;165,80
2021-W46;80+;Ikke vaccineret;25;9141;273,50
2021-W46;80+;Påbegyndt vaccinationsforløb;2;920;217,32
2021-W47;12-15;Forventet fuld effekt;334;199075;167,78
2021-W47;12-15;Ikke vaccineret;958;69615;1376,15
2021-W47;12-15;Påbegyndt vaccinationsforløb;178;24940;713,73
2021-W47;16-19;Forventet fuld effekt;635;235374;269,78
2021-W47;16-19;Ikke vaccineret;405;35199;1150,61
2021-W47;16-19;Påbegyndt vaccinationsforløb;66;8697;758,87
2021-W47;20-39;Forventet fuld effekt;4253;1138264;373,64
2021-W47;20-39;Ikke vaccineret;2528;289824;872,25
2021-W47;20-39;Påbegyndt vaccinationsforløb;381;64871;587,32
2021-W47;40-64;Forventet fuld effekt;7294;1734684;420,48
2021-W47;40-64;Ikke vaccineret;1291;148275;870,68
2021-W47;40-64;Påbegyndt vaccinationsforløb;156;23668;659,13
2021-W47;65-79;Forventet fuld effekt;2371;860734;275,46
2021-W47;65-79;Ikke vaccineret;102;28360;359,67
2021-W47;65-79;Påbegyndt vaccinationsforløb;9;2684;335,37
2021-W47;80+;Forventet fuld effekt;377;256461;147,00
2021-W47;80+;Ikke vaccineret;31;9036;343,07
2021-W47;80+;Påbegyndt vaccinationsforløb;2;946;211,51
2021-W48;12-15;Forventet fuld effekt;415;201556;205,90
2021-W48;12-15;Ikke vaccineret;1024;66663;1536,08
2021-W48;12-15;Påbegyndt vaccinationsforløb;186;26425;703,88
2021-W48;16-19;Forventet fuld effekt;961;236091;407,05
2021-W48;16-19;Ikke vaccineret;463;33582;1378,73
2021-W48;16-19;Påbegyndt vaccinationsforløb;76;9635;788,77
2021-W48;20-39;Forventet fuld effekt;5437;1144254;475,16
2021-W48;20-39;Ikke vaccineret;2968;280534;1057,98
2021-W48;20-39;Påbegyndt vaccinationsforløb;447;68665;650,98
2021-W48;40-64;Forventet fuld effekt;8889;1736532;511,88
2021-W48;40-64;Ikke vaccineret;1525;145205;1050,24
2021-W48;40-64;Påbegyndt vaccinationsforløb;164;25000;656,00
2021-W48;65-79;Forventet fuld effekt;2429;860532;282,27
2021-W48;65-79;Ikke vaccineret;103;27987;368,03
2021-W48;65-79;Påbegyndt vaccinationsforløb;6;2834;211,75
2021-W48;80+;Forventet fuld effekt;350;255948;136,75
2021-W48;80+;Ikke vaccineret;14;8926;156,84
2021-W48;80+;Påbegyndt vaccinationsforløb;1;967;103,37
2021-W49;12-15;Forventet fuld effekt;751;204544;367,16
2021-W49;12-15;Ikke vaccineret;1324;63790;2075,55
2021-W49;12-15;Påbegyndt vaccinationsforløb;287;27195;1055,33
2021-W49;16-19;Forventet fuld effekt;1732;236800;731,42
2021-W49;16-19;Ikke vaccineret;534;32118;1662,62
2021-W49;16-19;Påbegyndt vaccinationsforløb;99;10421;949,99
2021-W49;20-39;Forventet fuld effekt;9083;1150251;789,65
2021-W49;20-39;Ikke vaccineret;3565;272015;1310,59
2021-W49;20-39;Påbegyndt vaccinationsforløb;635;71656;886,18
2021-W49;40-64;Forventet fuld effekt;12688;1738473;729,84
2021-W49;40-64;Ikke vaccineret;1781;142306;1251,53
2021-W49;40-64;Påbegyndt vaccinationsforløb;243;26078;931,82
2021-W49;65-79;Forventet fuld effekt;2584;860358;300,34
2021-W49;65-79;Ikke vaccineret;121;27614;438,18
2021-W49;65-79;Påbegyndt vaccinationsforløb;12;2971;403,87
2021-W49;80+;Forventet fuld effekt;376;255449;147,19
2021-W49;80+;Ikke vaccineret;31;8799;352,31
2021-W49;80+;Påbegyndt vaccinationsforløb;6;1005;597,01
2021-W50;12-15;Forventet fuld effekt;1993;208995;953,61
2021-W50;12-15;Ikke vaccineret;1373;60687;2262,41
2021-W50;12-15;Påbegyndt vaccinationsforløb;371;26503;1399,82
2021-W50;16-19;Forventet fuld effekt;4535;237960;1905,78
2021-W50;16-19;Ikke vaccineret;602;31178;1930,88
2021-W50;16-19;Påbegyndt vaccinationsforløb;139;10239;1357,59
2021-W50;20-39;Forventet fuld effekt;19286;1158737;1664,40
2021-W50;20-39;Ikke vaccineret;4437;265404;1671,79
2021-W50;20-39;Påbegyndt vaccinationsforløb;850;70146;1211,75
2021-W50;40-64;Forventet fuld effekt;20679;1741521;1187,41
2021-W50;40-64;Ikke vaccineret;2104;139926;1503,66
2021-W50;40-64;Påbegyndt vaccinationsforløb;288;25504;1129,23
2021-W50;65-79;Forventet fuld effekt;2866;860270;333,15
2021-W50;65-79;Ikke vaccineret;141;27137;519,59
2021-W50;65-79;Påbegyndt vaccinationsforløb;10;3115;321,04
2021-W50;80+;Forventet fuld effekt;480;254935;188,28
2021-W50;80+;Ikke vaccineret;30;8617;348,15
2021-W50;80+;Påbegyndt vaccinationsforløb;5;1076;464,62
2021-W51;12-15;Forventet fuld effekt;2425;214746;1129,24
2021-W51;12-15;Ikke vaccineret;1010;56721;1780,66
2021-W51;12-15;Påbegyndt vaccinationsforløb;336;25189;1333,91
2021-W51;16-19;Forventet fuld effekt;5653;239574;2359,61
2021-W51;16-19;Ikke vaccineret;596;30060;1982,71
2021-W51;16-19;Påbegyndt vaccinationsforløb;140;9752;1435,65
2021-W51;20-39;Forventet fuld effekt;22592;1170981;1929,32
2021-W51;20-39;Ikke vaccineret;4295;257709;1666,61
2021-W51;20-39;Påbegyndt vaccinationsforløb;947;65732;1440,70
2021-W51;40-64;Forventet fuld effekt;24030;1746186;1376,14
2021-W51;40-64;Ikke vaccineret;1960;136963;1431,04
2021-W51;40-64;Påbegyndt vaccinationsforløb;285;23850;1194,98
2021-W51;65-79;Forventet fuld effekt;3025;860377;351,59
2021-W51;65-79;Ikke vaccineret;156;26476;589,22
2021-W51;65-79;Påbegyndt vaccinationsforløb;18;3292;546,85
2021-W51;80+;Forventet fuld effekt;567;254433;222,85
2021-W51;80+;Ikke vaccineret;44;8357;526,48
2021-W51;80+;Påbegyndt vaccinationsforløb;9;1195;753,23
2021-W52;12-15;Forventet fuld effekt;4417;219883;2008,79
2021-W52;12-15;Ikke vaccineret;1409;55320;2546,99
2021-W52;12-15;Påbegyndt vaccinationsforløb;493;21872;2254,01
2021-W52;16-19;Forventet fuld effekt;7705;241028;3196,73
2021-W52;16-19;Ikke vaccineret;856;29498;2901,88
2021-W52;16-19;Påbegyndt vaccinationsforløb;227;8853;2564,10
2021-W52;20-39;Forventet fuld effekt;35673;1182895;3015,74
2021-W52;20-39;Ikke vaccineret;7224;254027;2843,80
2021-W52;20-39;Påbegyndt vaccinationsforløb;1482;57490;2577,84
2021-W52;40-64;Forventet fuld effekt;34262;1750216;1957,59
2021-W52;40-64;Ikke vaccineret;3156;135733;2325,16
2021-W52;40-64;Påbegyndt vaccinationsforløb;434;21031;2063,59
2021-W52;65-79;Forventet fuld effekt;7457;860445;866,64
2021-W52;65-79;Ikke vaccineret;266;26210;1014,88
2021-W52;65-79;Påbegyndt vaccinationsforløb;34;3104;1095,36
2021-W52;80+;Forventet fuld effekt;1846;253952;726,91
2021-W52;80+;Ikke vaccineret;50;8240;606,81
2021-W52;80+;Påbegyndt vaccinationsforløb;12;1155;1038,70
2022-W01;12-15;Forventet fuld effekt;5981;224145;2668,37
2022-W01;12-15;Ikke vaccineret;1965;54176;3627,08
2022-W01;12-15;Påbegyndt vaccinationsforløb;540;19181;2815,33
2022-W01;16-19;Forventet fuld effekt;13683;242661;5638,72
2022-W01;16-19;Ikke vaccineret;1397;29069;4805,76
2022-W01;16-19;Påbegyndt vaccinationsforløb;323;7627;4235,11
2022-W01;20-39;Forventet fuld effekt;38995;1193101;3268,37
2022-W01;20-39;Ikke vaccineret;8157;250879;3251,37
2022-W01;20-39;Påbegyndt vaccinationsforløb;1467;50044;2931,43
2022-W01;40-64;Forventet fuld effekt;28698;1753658;1636,46
2022-W01;40-64;Ikke vaccineret;3050;134843;2261,88
2022-W01;40-64;Påbegyndt vaccinationsforløb;370;18412;2009,59
2022-W01;65-79;Forventet fuld effekt;4518;860435;525,08
2022-W01;65-79;Ikke vaccineret;205;26027;787,64
2022-W01;65-79;Påbegyndt vaccinationsforløb;26;2893;898,68
2022-W01;80+;Forventet fuld effekt;1295;253472;510,90
2022-W01;80+;Ikke vaccineret;66;8136;811,17
2022-W01;80+;Påbegyndt vaccinationsforløb;14;1107;1264,35
2022-W02;12-15;Forventet fuld effekt;12982;227335;5710,50
2022-W02;12-15;Ikke vaccineret;3329;53287;6247,29
2022-W02;12-15;Påbegyndt vaccinationsforløb;1017;17236;5900,59
2022-W02;16-19;Forventet fuld effekt;14267;243943;5848,49
2022-W02;16-19;Ikke vaccineret;1352;28640;4720,65
2022-W02;16-19;Påbegyndt vaccinationsforløb;284;6766;4197,55
2022-W02;20-39;Forventet fuld effekt;42039;1200687;3501,25
2022-W02;20-39;Ikke vaccineret;8349;247792;3369,36
2022-W02;20-39;Påbegyndt vaccinationsforløb;1395;45644;3056,25
2022-W02;40-64;Forventet fuld effekt;37546;1756192;2137,92
2022-W02;40-64;Ikke vaccineret;3737;133978;2789,26
2022-W02;40-64;Påbegyndt vaccinationsforløb;401;16790;2388,27
2022-W02;65-79;Forventet fuld effekt;4663;860292;542,03
2022-W02;65-79;Ikke vaccineret;187;25802;724,74
2022-W02;65-79;Påbegyndt vaccinationsforløb;36;2822;1275,82
2022-W02;80+;Forventet fuld effekt;1162;252919;459,44
2022-W02;80+;Ikke vaccineret;65;8043;808,14
2022-W02;80+;Påbegyndt vaccinationsforløb;5;1107;451,61
2022-W03;12-15;Forventet fuld effekt;24096;231023;10430,14
2022-W03;12-15;Ikke vaccineret;5030;52822;9522,60
2022-W03;12-15;Påbegyndt vaccinationsforløb;1378;14318;9624,35
2022-W03;16-19;Forventet fuld effekt;21084;245085;8602,73
2022-W03;16-19;Ikke vaccineret;1646;28298;5816,61
2022-W03;16-19;Påbegyndt vaccinationsforløb;319;5998;5318,06
2022-W03;20-39;Forventet fuld effekt;60518;1208573;5007,39
2022-W03;20-39;Ikke vaccineret;11602;245581;4724,31
2022-W03;20-39;Påbegyndt vaccinationsforløb;1743;40294;4325,66
2022-W03;40-64;Forventet fuld effekt;65172;1758619;3705,86
2022-W03;40-64;Ikke vaccineret;5444;133394;4081,13
2022-W03;40-64;Påbegyndt vaccinationsforløb;536;15012;3570,54
2022-W03;65-79;Forventet fuld effekt;7807;860278;907,50
2022-W03;65-79;Ikke vaccineret;287;25645;1119,14
2022-W03;65-79;Påbegyndt vaccinationsforløb;23;2609;881,66
2022-W03;80+;Forventet fuld effekt;1538;252415;609,31
2022-W03;80+;Ikke vaccineret;58;7955;729,09
2022-W03;80+;Påbegyndt vaccinationsforløb;12;1061;1131,47
2022-W04;12-15;Forventet fuld effekt;23397;234572;9974,33
2022-W04;12-15;Ikke vaccineret;4391;52688;8333,99
2022-W04;12-15;Påbegyndt vaccinationsforløb;906;11176;8106,97
2022-W04;16-19;Forventet fuld effekt;16765;246158;6810,67
2022-W04;16-19;Ikke vaccineret;1467;28106;5219,58
2022-W04;16-19;Påbegyndt vaccinationsforløb;249;5188;4799,54
2022-W04;20-39;Forventet fuld effekt;59220;1215722;4871,18
2022-W04;20-39;Ikke vaccineret;10658;244006;4367,93
2022-W04;20-39;Påbegyndt vaccinationsforløb;1433;34935;4101,95
2022-W04;40-64;Forventet fuld effekt;70788;1760928;4019,93
2022-W04;40-64;Ikke vaccineret;5497;133061;4131,19
2022-W04;40-64;Påbegyndt vaccinationsforløb;429;13096;3275,77
2022-W04;65-79;Forventet fuld effekt;10953;860353;1273,08
2022-W04;65-79;Ikke vaccineret;331;25545;1295,74
2022-W04;65-79;Påbegyndt vaccinationsforløb;22;2254;975,86
2022-W04;80+;Forventet fuld effekt;2284;252025;906,26
2022-W04;80+;Ikke vaccineret;70;7895;886,67
2022-W04;80+;Påbegyndt vaccinationsforløb;11;931;1181,34
