"Uge";"Aldersgruppe";"Vaccinationsstatus";"Antal nyindlagte";"Befolkningstørrelse";"Nyindlagte pr. 100.000"
2020-W52;12-15;Forventet fuld effekt;0;0;0,00
2020-W52;12-15;Ikke vaccineret;2;283610;0,71
2020-W52;12-15;Påbegyndt vaccinationsforløb;0;0;0,00
2020-W52;16-19;Forventet fuld effekt;0;0;0,00
2020-W52;16-19;Ikke vaccineret;7;278165;2,52
2020-W52;16-19;Påbegyndt vaccinationsforløb;0;0;0,00
2020-W52;20-39;Forventet fuld effekt;0;0;0,00
2020-W52;20-39;Ikke vaccineret;99;1485292;6,67
2020-W52;20-39;Påbegyndt vaccinationsforløb;0;6;0,00
2020-W52;40-64;Forventet fuld effekt;0;0;0,00
2020-W52;40-64;Ikke vaccineret;315;1905822;16,53
2020-W52;40-64;Påbegyndt vaccinationsforløb;0;3;0,00
2020-W52;65-79;Forventet fuld effekt;0;0;0,00
2020-W52;65-79;Ikke vaccineret;290;895183;32,40
2020-W52;65-79;Påbegyndt vaccinationsforløb;0;1;0,00
2020-W52;80+;Forventet fuld effekt;0;0;0,00
2020-W52;80+;Ikke vaccineret;236;271763;86,84
2020-W52;80+;Påbegyndt vaccinationsforløb;0;2;0,00
2020-W53;16-19;Forventet fuld effekt;0;0;0,00
2020-W53;16-19;Ikke vaccineret;11;278083;3,96
2020-W53;16-19;Påbegyndt vaccinationsforløb;0;82;0,00
2020-W53;20-39;Forventet fuld effekt;0;0;0,00
2020-W53;20-39;Ikke vaccineret;87;1479903;5,88
2020-W53;20-39;Påbegyndt vaccinationsforløb;0;5395;0,00
2020-W53;40-64;Forventet fuld effekt;0;0;0,00
2020-W53;40-64;Ikke vaccineret;268;1894263;14,15
2020-W53;40-64;Påbegyndt vaccinationsforløb;0;11562;0,00
2020-W53;65-79;Forventet fuld effekt;0;0;0,00
2020-W53;65-79;Ikke vaccineret;273;892143;30,60
2020-W53;65-79;Påbegyndt vaccinationsforløb;3;3041;98,66
2020-W53;80+;Forventet fuld effekt;0;0;0,00
2020-W53;80+;Ikke vaccineret;244;267439;91,24
2020-W53;80+;Påbegyndt vaccinationsforløb;15;4326;346,77
2021-W01;12-15;Forventet fuld effekt;0;0;0,00
2021-W01;12-15;Ikke vaccineret;2;283608;0,71
2021-W01;12-15;Påbegyndt vaccinationsforløb;0;2;0,00
2021-W01;16-19;Forventet fuld effekt;0;0;0,00
2021-W01;16-19;Ikke vaccineret;5;277831;1,80
2021-W01;16-19;Påbegyndt vaccinationsforløb;0;334;0,00
2021-W01;20-39;Forventet fuld effekt;0;0;0,00
2021-W01;20-39;Ikke vaccineret;72;1469962;4,90
2021-W01;20-39;Påbegyndt vaccinationsforløb;3;15336;19,56
2021-W01;40-64;Forventet fuld effekt;0;0;0,00
2021-W01;40-64;Ikke vaccineret;214;1868648;11,45
2021-W01;40-64;Påbegyndt vaccinationsforløb;6;37177;16,14
2021-W01;65-79;Forventet fuld effekt;0;0;0,00
2021-W01;65-79;Ikke vaccineret;208;884174;23,52
2021-W01;65-79;Påbegyndt vaccinationsforløb;18;11010;163,48
2021-W01;80+;Forventet fuld effekt;0;0;0,00
2021-W01;80+;Ikke vaccineret;197;254927;77,28
2021-W01;80+;Påbegyndt vaccinationsforløb;35;16838;207,87
2021-W02;16-19;Forventet fuld effekt;0;0;0,00
2021-W02;16-19;Ikke vaccineret;2;277625;0,72
2021-W02;16-19;Påbegyndt vaccinationsforløb;0;540;0,00
2021-W02;20-39;Forventet fuld effekt;0;0;0,00
2021-W02;20-39;Ikke vaccineret;44;1461314;3,01
2021-W02;20-39;Påbegyndt vaccinationsforløb;1;23984;4,17
2021-W02;40-64;Forventet fuld effekt;0;0;0,00
2021-W02;40-64;Ikke vaccineret;157;1847976;8,50
2021-W02;40-64;Påbegyndt vaccinationsforløb;14;57848;24,20
2021-W02;65-79;Forventet fuld effekt;0;0;0,00
2021-W02;65-79;Ikke vaccineret;145;875230;16,57
2021-W02;65-79;Påbegyndt vaccinationsforløb;34;19954;170,39
2021-W02;80+;Forventet fuld effekt;0;0;0,00
2021-W02;80+;Ikke vaccineret;107;243733;43,90
2021-W02;80+;Påbegyndt vaccinationsforløb;57;28032;203,34
2021-W03;12-15;Forventet fuld effekt;0;0;0,00
2021-W03;12-15;Ikke vaccineret;1;283607;0,35
2021-W03;12-15;Påbegyndt vaccinationsforløb;0;3;0,00
2021-W03;16-19;Forventet fuld effekt;0;0;0,00
2021-W03;16-19;Ikke vaccineret;3;277470;1,08
2021-W03;16-19;Påbegyndt vaccinationsforløb;0;695;0,00
2021-W03;20-39;Forventet fuld effekt;0;2;0,00
2021-W03;20-39;Ikke vaccineret;41;1455208;2,82
2021-W03;20-39;Påbegyndt vaccinationsforløb;2;30088;6,65
2021-W03;40-64;Forventet fuld effekt;0;1;0,00
2021-W03;40-64;Ikke vaccineret;131;1835240;7,14
2021-W03;40-64;Påbegyndt vaccinationsforløb;11;70584;15,58
2021-W03;65-79;Forventet fuld effekt;0;0;0,00
2021-W03;65-79;Ikke vaccineret;112;866048;12,93
2021-W03;65-79;Påbegyndt vaccinationsforløb;19;29136;65,21
2021-W03;80+;Forventet fuld effekt;0;0;0,00
2021-W03;80+;Ikke vaccineret;94;233261;40,30
2021-W03;80+;Påbegyndt vaccinationsforløb;56;38504;145,44
2021-W04;16-19;Forventet fuld effekt;0;0;0,00
2021-W04;16-19;Ikke vaccineret;3;277426;1,08
2021-W04;16-19;Påbegyndt vaccinationsforløb;0;739;0,00
2021-W04;20-39;Forventet fuld effekt;0;20;0,00
2021-W04;20-39;Ikke vaccineret;40;1454258;2,75
2021-W04;20-39;Påbegyndt vaccinationsforløb;0;31020;0,00
2021-W04;40-64;Forventet fuld effekt;0;47;0,00
2021-W04;40-64;Ikke vaccineret;80;1833112;4,36
2021-W04;40-64;Påbegyndt vaccinationsforløb;3;72666;4,13
2021-W04;65-79;Forventet fuld effekt;0;15;0,00
2021-W04;65-79;Ikke vaccineret;69;864971;7,98
2021-W04;65-79;Påbegyndt vaccinationsforløb;9;30197;29,80
2021-W04;80+;Forventet fuld effekt;0;24;0,00
2021-W04;80+;Ikke vaccineret;58;232075;24,99
2021-W04;80+;Påbegyndt vaccinationsforløb;25;39666;63,03
2021-W05;16-19;Forventet fuld effekt;0;35;0,00
2021-W05;16-19;Ikke vaccineret;2;277362;0,72
2021-W05;16-19;Påbegyndt vaccinationsforløb;0;768;0,00
2021-W05;20-39;Forventet fuld effekt;0;1989;0,00
2021-W05;20-39;Ikke vaccineret;21;1453176;1,45
2021-W05;20-39;Påbegyndt vaccinationsforløb;0;30133;0,00
2021-W05;40-64;Forventet fuld effekt;0;5137;0,00
2021-W05;40-64;Ikke vaccineret;56;1830740;3,06
2021-W05;40-64;Påbegyndt vaccinationsforløb;1;69948;1,43
2021-W05;65-79;Forventet fuld effekt;1;1907;52,45
2021-W05;65-79;Ikke vaccineret;53;863293;6,14
2021-W05;65-79;Påbegyndt vaccinationsforløb;10;29985;33,35
2021-W05;80+;Forventet fuld effekt;0;3014;0,00
2021-W05;80+;Ikke vaccineret;29;230036;12,61
2021-W05;80+;Påbegyndt vaccinationsforløb;14;38715;36,16
2021-W06;12-15;Forventet fuld effekt;0;2;0,00
2021-W06;12-15;Ikke vaccineret;2;283602;0,71
2021-W06;12-15;Påbegyndt vaccinationsforløb;0;6;0,00
2021-W06;16-19;Forventet fuld effekt;0;182;0,00
2021-W06;16-19;Ikke vaccineret;2;277260;0,72
2021-W06;16-19;Påbegyndt vaccinationsforløb;0;723;0,00
2021-W06;20-39;Forventet fuld effekt;0;8579;0,00
2021-W06;20-39;Ikke vaccineret;26;1450273;1,79
2021-W06;20-39;Påbegyndt vaccinationsforløb;1;26446;3,78
2021-W06;40-64;Forventet fuld effekt;0;22131;0,00
2021-W06;40-64;Ikke vaccineret;60;1825553;3,29
2021-W06;40-64;Påbegyndt vaccinationsforløb;1;58141;1,72
2021-W06;65-79;Forventet fuld effekt;0;7902;0,00
2021-W06;65-79;Ikke vaccineret;45;861635;5,22
2021-W06;65-79;Påbegyndt vaccinationsforløb;8;25648;31,19
2021-W06;80+;Forventet fuld effekt;1;12313;8,12
2021-W06;80+;Ikke vaccineret;25;220882;11,32
2021-W06;80+;Påbegyndt vaccinationsforløb;9;38570;23,33
2021-W07;12-15;Forventet fuld effekt;0;2;0,00
2021-W07;12-15;Ikke vaccineret;1;283601;0,35
2021-W07;12-15;Påbegyndt vaccinationsforløb;0;7;0,00
2021-W07;16-19;Forventet fuld effekt;0;467;0,00
2021-W07;16-19;Ikke vaccineret;1;276920;0,36
2021-W07;16-19;Påbegyndt vaccinationsforløb;0;777;0,00
2021-W07;20-39;Forventet fuld effekt;0;19128;0,00
2021-W07;20-39;Ikke vaccineret;18;1441465;1,25
2021-W07;20-39;Påbegyndt vaccinationsforløb;0;24705;0,00
2021-W07;40-64;Forventet fuld effekt;0;49442;0,00
2021-W07;40-64;Ikke vaccineret;55;1808242;3,04
2021-W07;40-64;Påbegyndt vaccinationsforløb;0;48141;0,00
2021-W07;65-79;Forventet fuld effekt;1;18241;5,48
2021-W07;65-79;Ikke vaccineret;30;857351;3,50
2021-W07;65-79;Påbegyndt vaccinationsforløb;2;19592;10,21
2021-W07;80+;Forventet fuld effekt;1;26099;3,83
2021-W07;80+;Ikke vaccineret;27;188430;14,33
2021-W07;80+;Påbegyndt vaccinationsforløb;5;57236;8,74
2021-W08;12-15;Forventet fuld effekt;0;2;0,00
2021-W08;12-15;Ikke vaccineret;1;283597;0,35
2021-W08;12-15;Påbegyndt vaccinationsforløb;0;11;0,00
2021-W08;16-19;Forventet fuld effekt;0;637;0,00
2021-W08;16-19;Ikke vaccineret;2;276423;0,72
2021-W08;16-19;Påbegyndt vaccinationsforløb;0;1105;0,00
2021-W08;20-39;Forventet fuld effekt;0;26259;0,00
2021-W08;20-39;Ikke vaccineret;30;1427874;2,10
2021-W08;20-39;Påbegyndt vaccinationsforløb;0;31164;0,00
2021-W08;40-64;Forventet fuld effekt;1;64375;1,55
2021-W08;40-64;Ikke vaccineret;68;1779133;3,82
2021-W08;40-64;Påbegyndt vaccinationsforløb;3;62317;4,81
2021-W08;65-79;Forventet fuld effekt;0;26472;0,00
2021-W08;65-79;Ikke vaccineret;34;844482;4,03
2021-W08;65-79;Påbegyndt vaccinationsforløb;3;24230;12,38
2021-W08;80+;Forventet fuld effekt;1;36228;2,76
2021-W08;80+;Ikke vaccineret;16;152069;10,52
2021-W08;80+;Påbegyndt vaccinationsforløb;12;83467;14,38
2021-W09;12-15;Forventet fuld effekt;0;3;0,00
2021-W09;12-15;Ikke vaccineret;1;283571;0,35
2021-W09;12-15;Påbegyndt vaccinationsforløb;0;36;0,00
2021-W09;16-19;Forventet fuld effekt;0;709;0,00
2021-W09;16-19;Ikke vaccineret;3;275612;1,09
2021-W09;16-19;Påbegyndt vaccinationsforløb;1;1844;54,24
2021-W09;20-39;Forventet fuld effekt;0;29580;0,00
2021-W09;20-39;Ikke vaccineret;35;1407344;2,49
2021-W09;20-39;Påbegyndt vaccinationsforløb;0;48375;0,00
2021-W09;40-64;Forventet fuld effekt;1;70193;1,42
2021-W09;40-64;Ikke vaccineret;73;1732355;4,21
2021-W09;40-64;Påbegyndt vaccinationsforløb;3;103277;2,90
2021-W09;65-79;Forventet fuld effekt;0;29038;0,00
2021-W09;65-79;Ikke vaccineret;42;815302;5,15
2021-W09;65-79;Påbegyndt vaccinationsforløb;5;50844;9,83
2021-W09;80+;Forventet fuld effekt;1;38137;2,62
2021-W09;80+;Ikke vaccineret;16;137303;11,65
2021-W09;80+;Påbegyndt vaccinationsforløb;6;96325;6,23
2021-W10;12-15;Forventet fuld effekt;0;3;0,00
2021-W10;12-15;Ikke vaccineret;1;283550;0,35
2021-W10;12-15;Påbegyndt vaccinationsforløb;0;57;0,00
2021-W10;16-19;Forventet fuld effekt;0;764;0,00
2021-W10;16-19;Ikke vaccineret;2;274913;0,73
2021-W10;16-19;Påbegyndt vaccinationsforløb;0;2488;0,00
2021-W10;20-39;Forventet fuld effekt;0;30785;0,00
2021-W10;20-39;Ikke vaccineret;30;1388795;2,16
2021-W10;20-39;Påbegyndt vaccinationsforløb;0;65719;0,00
2021-W10;40-64;Forventet fuld effekt;0;72793;0,00
2021-W10;40-64;Ikke vaccineret;71;1697181;4,18
2021-W10;40-64;Påbegyndt vaccinationsforløb;4;135851;2,94
2021-W10;65-79;Forventet fuld effekt;0;30873;0,00
2021-W10;65-79;Ikke vaccineret;41;794557;5,16
2021-W10;65-79;Påbegyndt vaccinationsforløb;7;69755;10,04
2021-W10;80+;Forventet fuld effekt;1;39617;2,52
2021-W10;80+;Ikke vaccineret;11;127214;8,65
2021-W10;80+;Påbegyndt vaccinationsforløb;6;104934;5,72
2021-W11;12-15;Forventet fuld effekt;0;6;0,00
2021-W11;12-15;Ikke vaccineret;1;283537;0,35
2021-W11;12-15;Påbegyndt vaccinationsforløb;0;67;0,00
2021-W11;16-19;Forventet fuld effekt;0;832;0,00
2021-W11;16-19;Ikke vaccineret;4;274654;1,46
2021-W11;16-19;Påbegyndt vaccinationsforløb;0;2679;0,00
2021-W11;20-39;Forventet fuld effekt;0;32070;0,00
2021-W11;20-39;Ikke vaccineret;17;1383399;1,23
2021-W11;20-39;Påbegyndt vaccinationsforløb;0;69829;0,00
2021-W11;40-64;Forventet fuld effekt;0;75613;0,00
2021-W11;40-64;Ikke vaccineret;79;1685338;4,69
2021-W11;40-64;Påbegyndt vaccinationsforløb;8;144874;5,52
2021-W11;65-79;Forventet fuld effekt;1;32791;3,05
2021-W11;65-79;Ikke vaccineret;35;783911;4,46
2021-W11;65-79;Påbegyndt vaccinationsforløb;5;78482;6,37
2021-W11;80+;Forventet fuld effekt;0;45403;0,00
2021-W11;80+;Ikke vaccineret;16;113568;14,09
2021-W11;80+;Påbegyndt vaccinationsforløb;3;112795;2,66
2021-W12;16-19;Forventet fuld effekt;0;891;0,00
2021-W12;16-19;Ikke vaccineret;3;274391;1,09
2021-W12;16-19;Påbegyndt vaccinationsforløb;0;2883;0,00
2021-W12;20-39;Forventet fuld effekt;0;33484;0,00
2021-W12;20-39;Ikke vaccineret;47;1379369;3,41
2021-W12;20-39;Påbegyndt vaccinationsforløb;0;72445;0,00
2021-W12;40-64;Forventet fuld effekt;1;79061;1,26
2021-W12;40-64;Ikke vaccineret;105;1675852;6,27
2021-W12;40-64;Påbegyndt vaccinationsforløb;1;150912;0,66
2021-W12;65-79;Forventet fuld effekt;0;36396;0,00
2021-W12;65-79;Ikke vaccineret;48;773404;6,21
2021-W12;65-79;Påbegyndt vaccinationsforløb;7;85384;8,20
2021-W12;80+;Forventet fuld effekt;2;77332;2,59
2021-W12;80+;Ikke vaccineret;6;89628;6,69
2021-W12;80+;Påbegyndt vaccinationsforløb;2;104805;1,91
2021-W13;12-15;Forventet fuld effekt;0;9;0,00
2021-W13;12-15;Ikke vaccineret;1;283531;0,35
2021-W13;12-15;Påbegyndt vaccinationsforløb;0;70;0,00
2021-W13;16-19;Forventet fuld effekt;0;1037;0,00
2021-W13;16-19;Ikke vaccineret;1;274183;0,36
2021-W13;16-19;Påbegyndt vaccinationsforløb;0;2945;0,00
2021-W13;20-39;Forventet fuld effekt;0;36056;0,00
2021-W13;20-39;Ikke vaccineret;45;1376128;3,27
2021-W13;20-39;Påbegyndt vaccinationsforløb;0;73114;0,00
2021-W13;40-64;Forventet fuld effekt;0;87013;0,00
2021-W13;40-64;Ikke vaccineret;106;1665693;6,36
2021-W13;40-64;Påbegyndt vaccinationsforløb;3;153119;1,96
2021-W13;65-79;Forventet fuld effekt;2;48718;4,11
2021-W13;65-79;Ikke vaccineret;51;743384;6,86
2021-W13;65-79;Påbegyndt vaccinationsforløb;7;103083;6,79
2021-W13;80+;Forventet fuld effekt;1;114252;0,88
2021-W13;80+;Ikke vaccineret;12;55497;21,62
2021-W13;80+;Påbegyndt vaccinationsforløb;8;102016;7,84
2021-W14;16-19;Forventet fuld effekt;0;1299;0,00
2021-W14;16-19;Ikke vaccineret;5;273998;1,82
2021-W14;16-19;Påbegyndt vaccinationsforløb;0;2868;0,00
2021-W14;20-39;Forventet fuld effekt;1;39814;2,51
2021-W14;20-39;Ikke vaccineret;42;1373584;3,06
2021-W14;20-39;Påbegyndt vaccinationsforløb;1;71900;1,39
2021-W14;40-64;Forventet fuld effekt;1;100072;1,00
2021-W14;40-64;Ikke vaccineret;96;1658194;5,79
2021-W14;40-64;Påbegyndt vaccinationsforløb;1;147559;0,68
2021-W14;65-79;Forventet fuld effekt;1;71217;1,40
2021-W14;65-79;Ikke vaccineret;40;687155;5,82
2021-W14;65-79;Påbegyndt vaccinationsforløb;4;136811;2,92
2021-W14;80+;Forventet fuld effekt;2;128765;1,55
2021-W14;80+;Ikke vaccineret;8;35289;22,67
2021-W14;80+;Påbegyndt vaccinationsforløb;6;107711;5,57
2021-W15;16-19;Forventet fuld effekt;0;1551;0,00
2021-W15;16-19;Ikke vaccineret;3;273811;1,10
2021-W15;16-19;Påbegyndt vaccinationsforløb;0;2803;0,00
2021-W15;20-39;Forventet fuld effekt;0;43181;0,00
2021-W15;20-39;Ikke vaccineret;46;1370964;3,36
2021-W15;20-39;Påbegyndt vaccinationsforløb;1;71153;1,41
2021-W15;40-64;Forventet fuld effekt;1;111129;0,90
2021-W15;40-64;Ikke vaccineret;98;1651579;5,93
2021-W15;40-64;Påbegyndt vaccinationsforløb;1;143117;0,70
2021-W15;65-79;Forventet fuld effekt;1;91473;1,09
2021-W15;65-79;Ikke vaccineret;40;532629;7,51
2021-W15;65-79;Påbegyndt vaccinationsforløb;11;271082;4,06
2021-W15;80+;Forventet fuld effekt;4;137384;2,91
2021-W15;80+;Ikke vaccineret;4;22475;17,80
2021-W15;80+;Påbegyndt vaccinationsforløb;3;111906;2,68
2021-W16;16-19;Forventet fuld effekt;0;1763;0,00
2021-W16;16-19;Ikke vaccineret;4;273652;1,46
2021-W16;16-19;Påbegyndt vaccinationsforløb;0;2750;0,00
2021-W16;20-39;Forventet fuld effekt;0;46756;0,00
2021-W16;20-39;Ikke vaccineret;49;1368916;3,58
2021-W16;20-39;Påbegyndt vaccinationsforløb;0;69625;0,00
2021-W16;40-64;Forventet fuld effekt;3;120773;2,48
2021-W16;40-64;Ikke vaccineret;89;1646360;5,41
2021-W16;40-64;Påbegyndt vaccinationsforløb;2;138692;1,44
2021-W16;65-79;Forventet fuld effekt;3;104912;2,86
2021-W16;65-79;Ikke vaccineret;29;397710;7,29
2021-W16;65-79;Påbegyndt vaccinationsforløb;8;392562;2,04
2021-W16;80+;Forventet fuld effekt;6;147239;4,08
2021-W16;80+;Ikke vaccineret;1;19026;5,26
2021-W16;80+;Påbegyndt vaccinationsforløb;5;105501;4,74
2021-W17;12-15;Forventet fuld effekt;0;65;0,00
2021-W17;12-15;Ikke vaccineret;1;283525;0,35
2021-W17;12-15;Påbegyndt vaccinationsforløb;0;20;0,00
2021-W17;16-19;Forventet fuld effekt;0;2072;0,00
2021-W17;16-19;Ikke vaccineret;4;273494;1,46
2021-W17;16-19;Påbegyndt vaccinationsforløb;0;2599;0,00
2021-W17;20-39;Forventet fuld effekt;1;51751;1,93
2021-W17;20-39;Ikke vaccineret;46;1366975;3,37
2021-W17;20-39;Påbegyndt vaccinationsforløb;0;66572;0,00
2021-W17;40-64;Forventet fuld effekt;2;132682;1,51
2021-W17;40-64;Ikke vaccineret;104;1636745;6,35
2021-W17;40-64;Påbegyndt vaccinationsforløb;1;136399;0,73
2021-W17;65-79;Forventet fuld effekt;4;117804;3,40
2021-W17;65-79;Ikke vaccineret;20;256501;7,80
2021-W17;65-79;Påbegyndt vaccinationsforløb;15;520880;2,88
2021-W17;80+;Forventet fuld effekt;4;171219;2,34
2021-W17;80+;Ikke vaccineret;3;16815;17,84
2021-W17;80+;Påbegyndt vaccinationsforløb;1;83731;1,19
2021-W18;16-19;Forventet fuld effekt;0;2267;0,00
2021-W18;16-19;Ikke vaccineret;1;273319;0,37
2021-W18;16-19;Påbegyndt vaccinationsforløb;0;2579;0,00
2021-W18;20-39;Forventet fuld effekt;0;54597;0,00
2021-W18;20-39;Ikke vaccineret;44;1364699;3,22
2021-W18;20-39;Påbegyndt vaccinationsforløb;1;66002;1,52
2021-W18;40-64;Forventet fuld effekt;0;142393;0,00
2021-W18;40-64;Ikke vaccineret;110;1596275;6,89
2021-W18;40-64;Påbegyndt vaccinationsforløb;1;167157;0,60
2021-W18;65-79;Forventet fuld effekt;2;137947;1,45
2021-W18;65-79;Ikke vaccineret;14;163332;8,57
2021-W18;65-79;Påbegyndt vaccinationsforløb;13;593905;2,19
2021-W18;80+;Forventet fuld effekt;2;206143;0,97
2021-W18;80+;Ikke vaccineret;4;15267;26,20
2021-W18;80+;Påbegyndt vaccinationsforløb;2;50355;3,97
2021-W19;12-15;Forventet fuld effekt;0;68;0,00
2021-W19;12-15;Ikke vaccineret;1;283513;0,35
2021-W19;12-15;Påbegyndt vaccinationsforløb;0;29;0,00
2021-W19;16-19;Forventet fuld effekt;0;2444;0,00
2021-W19;16-19;Ikke vaccineret;9;273159;3,29
2021-W19;16-19;Påbegyndt vaccinationsforløb;0;2562;0,00
2021-W19;20-39;Forventet fuld effekt;2;57482;3,48
2021-W19;20-39;Ikke vaccineret;54;1362068;3,96
2021-W19;20-39;Påbegyndt vaccinationsforløb;0;65749;0,00
2021-W19;40-64;Forventet fuld effekt;4;150289;2,66
2021-W19;40-64;Ikke vaccineret;111;1518734;7,31
2021-W19;40-64;Påbegyndt vaccinationsforløb;5;236802;2,11
2021-W19;65-79;Forventet fuld effekt;8;185503;4,31
2021-W19;65-79;Ikke vaccineret;22;98937;22,24
2021-W19;65-79;Påbegyndt vaccinationsforløb;21;610744;3,44
2021-W19;80+;Forventet fuld effekt;4;228486;1,75
2021-W19;80+;Ikke vaccineret;4;14114;28,34
2021-W19;80+;Påbegyndt vaccinationsforløb;0;29165;0,00
2021-W20;16-19;Forventet fuld effekt;0;2758;0,00
2021-W20;16-19;Ikke vaccineret;2;272973;0,73
2021-W20;16-19;Påbegyndt vaccinationsforløb;0;2434;0,00
2021-W20;20-39;Forventet fuld effekt;1;65209;1,53
2021-W20;20-39;Ikke vaccineret;48;1359407;3,53
2021-W20;20-39;Påbegyndt vaccinationsforløb;1;60682;1,65
2021-W20;40-64;Forventet fuld effekt;0;166822;0,00
2021-W20;40-64;Ikke vaccineret;111;1378055;8,05
2021-W20;40-64;Påbegyndt vaccinationsforløb;4;360948;1,11
2021-W20;65-79;Forventet fuld effekt;1;307010;0,33
2021-W20;65-79;Ikke vaccineret;3;67098;4,47
2021-W20;65-79;Påbegyndt vaccinationsforløb;10;521076;1,92
2021-W20;80+;Forventet fuld effekt;0;241557;0,00
2021-W20;80+;Ikke vaccineret;1;13318;7,51
2021-W20;80+;Påbegyndt vaccinationsforløb;0;16890;0,00
2021-W21;12-15;Forventet fuld effekt;0;75;0,00
2021-W21;12-15;Ikke vaccineret;1;283466;0,35
2021-W21;12-15;Påbegyndt vaccinationsforløb;0;69;0,00
2021-W21;16-19;Forventet fuld effekt;0;3154;0,00
2021-W21;16-19;Ikke vaccineret;3;271496;1,10
2021-W21;16-19;Påbegyndt vaccinationsforløb;0;3516;0,00
2021-W21;20-39;Forventet fuld effekt;1;75412;1,33
2021-W21;20-39;Ikke vaccineret;45;1356718;3,32
2021-W21;20-39;Påbegyndt vaccinationsforløb;1;53167;1,88
2021-W21;40-64;Forventet fuld effekt;1;188892;0,53
2021-W21;40-64;Ikke vaccineret;93;1166890;7,97
2021-W21;40-64;Påbegyndt vaccinationsforløb;13;550042;2,36
2021-W21;65-79;Forventet fuld effekt;3;449418;0,67
2021-W21;65-79;Ikke vaccineret;7;52724;13,28
2021-W21;65-79;Påbegyndt vaccinationsforløb;8;393041;2,04
2021-W21;80+;Forventet fuld effekt;3;249637;1,20
2021-W21;80+;Ikke vaccineret;0;12660;0,00
2021-W21;80+;Påbegyndt vaccinationsforløb;0;9468;0,00
2021-W22;12-15;Forventet fuld effekt;0;78;0,00
2021-W22;12-15;Ikke vaccineret;2;283454;0,71
2021-W22;12-15;Påbegyndt vaccinationsforløb;0;78;0,00
2021-W22;16-19;Forventet fuld effekt;0;3658;0,00
2021-W22;16-19;Ikke vaccineret;3;261996;1,15
2021-W22;16-19;Påbegyndt vaccinationsforløb;0;12511;0,00
2021-W22;20-39;Forventet fuld effekt;0;88746;0,00
2021-W22;20-39;Ikke vaccineret;44;1350369;3,26
2021-W22;20-39;Påbegyndt vaccinationsforløb;0;46184;0,00
2021-W22;40-64;Forventet fuld effekt;3;216327;1,39
2021-W22;40-64;Ikke vaccineret;65;929743;6,99
2021-W22;40-64;Påbegyndt vaccinationsforløb;18;759755;2,37
2021-W22;65-79;Forventet fuld effekt;2;566731;0,35
2021-W22;65-79;Ikke vaccineret;6;45320;13,24
2021-W22;65-79;Påbegyndt vaccinationsforløb;2;283133;0,71
2021-W22;80+;Forventet fuld effekt;5;252532;1,98
2021-W22;80+;Ikke vaccineret;1;12078;8,28
2021-W22;80+;Påbegyndt vaccinationsforløb;0;7155;0,00
2021-W23;12-15;Forventet fuld effekt;0;80;0,00
2021-W23;12-15;Ikke vaccineret;3;283440;1,06
2021-W23;12-15;Påbegyndt vaccinationsforløb;0;90;0,00
2021-W23;16-19;Forventet fuld effekt;0;4172;0,00
2021-W23;16-19;Ikke vaccineret;3;217183;1,38
2021-W23;16-19;Påbegyndt vaccinationsforløb;1;56810;1,76
2021-W23;20-39;Forventet fuld effekt;0;102654;0,00
2021-W23;20-39;Ikke vaccineret;28;1322730;2,12
2021-W23;20-39;Påbegyndt vaccinationsforløb;0;59914;0,00
2021-W23;40-64;Forventet fuld effekt;3;242315;1,24
2021-W23;40-64;Ikke vaccineret;52;703063;7,40
2021-W23;40-64;Påbegyndt vaccinationsforløb;19;960448;1,98
2021-W23;65-79;Forventet fuld effekt;3;613470;0,49
2021-W23;65-79;Ikke vaccineret;3;41731;7,19
2021-W23;65-79;Påbegyndt vaccinationsforløb;1;239983;0,42
2021-W23;80+;Forventet fuld effekt;2;253867;0,79
2021-W23;80+;Ikke vaccineret;1;11685;8,56
2021-W23;80+;Påbegyndt vaccinationsforløb;0;6213;0,00
2021-W24;16-19;Forventet fuld effekt;0;4513;0,00
2021-W24;16-19;Ikke vaccineret;3;153995;1,95
2021-W24;16-19;Påbegyndt vaccinationsforløb;0;119658;0,00
2021-W24;20-39;Forventet fuld effekt;0;115729;0,00
2021-W24;20-39;Ikke vaccineret;26;1259569;2,06
2021-W24;20-39;Påbegyndt vaccinationsforløb;1;109999;0,91
2021-W24;40-64;Forventet fuld effekt;2;266465;0,75
2021-W24;40-64;Ikke vaccineret;24;503043;4,77
2021-W24;40-64;Påbegyndt vaccinationsforløb;7;1136317;0,62
2021-W24;65-79;Forventet fuld effekt;2;673673;0,30
2021-W24;65-79;Ikke vaccineret;1;39391;2,54
2021-W24;65-79;Påbegyndt vaccinationsforløb;1;182120;0,55
2021-W24;80+;Forventet fuld effekt;3;255078;1,18
2021-W24;80+;Ikke vaccineret;1;11364;8,80
2021-W24;80+;Påbegyndt vaccinationsforløb;2;5323;37,57
2021-W25;12-15;Forventet fuld effekt;0;117;0,00
2021-W25;12-15;Ikke vaccineret;1;283272;0,35
2021-W25;12-15;Påbegyndt vaccinationsforløb;0;222;0,00
2021-W25;20-39;Forventet fuld effekt;0;133829;0,00
2021-W25;20-39;Ikke vaccineret;17;1175599;1,45
2021-W25;20-39;Påbegyndt vaccinationsforløb;2;175869;1,14
2021-W25;40-64;Forventet fuld effekt;1;311284;0,32
2021-W25;40-64;Ikke vaccineret;11;367368;2,99
2021-W25;40-64;Påbegyndt vaccinationsforløb;9;1227173;0,73
2021-W25;65-79;Forventet fuld effekt;3;737306;0,41
2021-W25;65-79;Ikke vaccineret;1;37758;2,65
2021-W25;65-79;Påbegyndt vaccinationsforløb;0;120120;0,00
2021-W26;12-15;Forventet fuld effekt;0;129;0,00
2021-W26;12-15;Ikke vaccineret;1;279926;0,36
2021-W26;12-15;Påbegyndt vaccinationsforløb;0;3555;0,00
2021-W26;16-19;Forventet fuld effekt;1;5090;19,65
2021-W26;16-19;Ikke vaccineret;2;85435;2,34
2021-W26;16-19;Påbegyndt vaccinationsforløb;0;187640;0,00
2021-W26;20-39;Forventet fuld effekt;0;150927;0,00
2021-W26;20-39;Ikke vaccineret;19;1085418;1,75
2021-W26;20-39;Påbegyndt vaccinationsforløb;1;248954;0,40
2021-W26;40-64;Forventet fuld effekt;0;374472;0,00
2021-W26;40-64;Ikke vaccineret;3;292126;1,03
2021-W26;40-64;Påbegyndt vaccinationsforløb;4;1239228;0,32
2021-W26;65-79;Forventet fuld effekt;1;793123;0,13
2021-W26;65-79;Ikke vaccineret;1;36737;2,72
2021-W26;65-79;Påbegyndt vaccinationsforløb;0;65324;0,00
2021-W26;80+;Forventet fuld effekt;1;256854;0,39
2021-W26;80+;Ikke vaccineret;0;10947;0,00
2021-W26;80+;Påbegyndt vaccinationsforløb;1;3964;25,23
2021-W27;12-15;Forventet fuld effekt;0;141;0,00
2021-W27;12-15;Ikke vaccineret;1;273305;0,37
2021-W27;12-15;Påbegyndt vaccinationsforløb;0;10164;0,00
2021-W27;16-19;Forventet fuld effekt;0;5318;0,00
2021-W27;16-19;Ikke vaccineret;1;71360;1,40
2021-W27;16-19;Påbegyndt vaccinationsforløb;1;201487;0,50
2021-W27;20-39;Forventet fuld effekt;0;158819;0,00
2021-W27;20-39;Ikke vaccineret;27;949080;2,84
2021-W27;20-39;Påbegyndt vaccinationsforløb;5;377399;1,32
2021-W27;40-64;Forventet fuld effekt;1;510080;0,20
2021-W27;40-64;Ikke vaccineret;6;247694;2,42
2021-W27;40-64;Påbegyndt vaccinationsforløb;7;1148050;0,61
2021-W27;65-79;Forventet fuld effekt;4;826175;0,48
2021-W27;65-79;Ikke vaccineret;2;35686;5,60
2021-W27;65-79;Påbegyndt vaccinationsforløb;0;33323;0,00
2021-W27;80+;Forventet fuld effekt;0;257524;0,00
2021-W27;80+;Ikke vaccineret;1;10789;9,27
2021-W27;80+;Påbegyndt vaccinationsforløb;0;3452;0,00
2021-W28;20-39;Forventet fuld effekt;3;163897;1,83
2021-W28;20-39;Ikke vaccineret;41;724223;5,66
2021-W28;20-39;Påbegyndt vaccinationsforløb;9;597178;1,51
2021-W28;40-64;Forventet fuld effekt;2;726580;0,28
2021-W28;40-64;Ikke vaccineret;17;222643;7,64
2021-W28;40-64;Påbegyndt vaccinationsforløb;6;956603;0,63
2021-W28;65-79;Forventet fuld effekt;6;840068;0,71
2021-W28;65-79;Ikke vaccineret;1;34710;2,88
2021-W28;65-79;Påbegyndt vaccinationsforløb;2;20406;9,80
2021-W28;80+;Forventet fuld effekt;3;258140;1,16
2021-W28;80+;Ikke vaccineret;0;10642;0,00
2021-W28;80+;Påbegyndt vaccinationsforløb;0;2983;0,00
2021-W29;12-15;Forventet fuld effekt;0;161;0,00
2021-W29;12-15;Ikke vaccineret;1;234635;0,43
2021-W29;12-15;Påbegyndt vaccinationsforløb;0;48815;0,00
2021-W29;16-19;Forventet fuld effekt;1;16186;6,18
2021-W29;16-19;Ikke vaccineret;3;58283;5,15
2021-W29;16-19;Påbegyndt vaccinationsforløb;0;203696;0,00
2021-W29;20-39;Forventet fuld effekt;1;168145;0,59
2021-W29;20-39;Ikke vaccineret;39;568922;6,86
2021-W29;20-39;Påbegyndt vaccinationsforløb;10;748230;1,34
2021-W29;40-64;Forventet fuld effekt;0;964974;0,00
2021-W29;40-64;Ikke vaccineret;18;208711;8,62
2021-W29;40-64;Påbegyndt vaccinationsforløb;5;732140;0,68
2021-W29;65-79;Forventet fuld effekt;4;847821;0,47
2021-W29;65-79;Ikke vaccineret;3;33983;8,83
2021-W29;65-79;Påbegyndt vaccinationsforløb;0;13380;0,00
2021-W29;80+;Forventet fuld effekt;7;258687;2,71
2021-W29;80+;Ikke vaccineret;1;10502;9,52
2021-W29;80+;Påbegyndt vaccinationsforløb;0;2576;0,00
2021-W30;12-15;Forventet fuld effekt;0;173;0,00
2021-W30;12-15;Ikke vaccineret;0;194333;0,00
2021-W30;12-15;Påbegyndt vaccinationsforløb;1;89104;1,12
2021-W30;16-19;Forventet fuld effekt;0;55302;0,00
2021-W30;16-19;Ikke vaccineret;1;54235;1,84
2021-W30;16-19;Påbegyndt vaccinationsforløb;0;168628;0,00
2021-W30;20-39;Forventet fuld effekt;2;184664;1,08
2021-W30;20-39;Ikke vaccineret;34;475726;7,15
2021-W30;20-39;Påbegyndt vaccinationsforløb;9;824908;1,09
2021-W30;40-64;Forventet fuld effekt;7;1182390;0,59
2021-W30;40-64;Ikke vaccineret;20;197830;10,11
2021-W30;40-64;Påbegyndt vaccinationsforløb;12;525605;2,28
2021-W30;65-79;Forventet fuld effekt;7;851603;0,82
2021-W30;65-79;Ikke vaccineret;4;33349;11,99
2021-W30;65-79;Påbegyndt vaccinationsforløb;0;10232;0,00
2021-W30;80+;Forventet fuld effekt;4;259086;1,54
2021-W30;80+;Ikke vaccineret;0;10393;0,00
2021-W30;80+;Påbegyndt vaccinationsforløb;0;2286;0,00
2021-W31;12-15;Forventet fuld effekt;0;492;0,00
2021-W31;12-15;Ikke vaccineret;1;159778;0,63
2021-W31;12-15;Påbegyndt vaccinationsforløb;0;123340;0,00
2021-W31;16-19;Forventet fuld effekt;0;114875;0,00
2021-W31;16-19;Ikke vaccineret;2;51359;3,89
2021-W31;16-19;Påbegyndt vaccinationsforløb;1;111931;0,89
2021-W31;20-39;Forventet fuld effekt;1;241289;0,41
2021-W31;20-39;Ikke vaccineret;36;428100;8,41
2021-W31;20-39;Påbegyndt vaccinationsforløb;6;815909;0,74
2021-W31;40-64;Forventet fuld effekt;12;1380596;0,87
2021-W31;40-64;Ikke vaccineret;24;190664;12,59
2021-W31;40-64;Påbegyndt vaccinationsforløb;8;334565;2,39
2021-W31;65-79;Forventet fuld effekt;8;854104;0,94
2021-W31;65-79;Ikke vaccineret;5;32872;15,21
2021-W31;65-79;Påbegyndt vaccinationsforløb;1;8208;12,18
2021-W31;80+;Forventet fuld effekt;13;259429;5,01
2021-W31;80+;Ikke vaccineret;0;10298;0,00
2021-W31;80+;Påbegyndt vaccinationsforløb;0;2039;0,00
2021-W32;12-15;Forventet fuld effekt;0;1942;0,00
2021-W32;12-15;Ikke vaccineret;3;134544;2,23
2021-W32;12-15;Påbegyndt vaccinationsforløb;1;147124;0,68
2021-W32;16-19;Forventet fuld effekt;1;160321;0,62
2021-W32;16-19;Ikke vaccineret;3;48950;6,13
2021-W32;16-19;Påbegyndt vaccinationsforløb;1;68894;1,45
2021-W32;20-39;Forventet fuld effekt;1;330105;0,30
2021-W32;20-39;Ikke vaccineret;55;402259;13,67
2021-W32;20-39;Påbegyndt vaccinationsforløb;16;752934;2,13
2021-W32;40-64;Forventet fuld effekt;9;1514850;0,59
2021-W32;40-64;Ikke vaccineret;39;184796;21,10
2021-W32;40-64;Påbegyndt vaccinationsforløb;12;206179;5,82
2021-W32;65-79;Forventet fuld effekt;12;855895;1,40
2021-W32;65-79;Ikke vaccineret;4;32464;12,32
2021-W32;65-79;Påbegyndt vaccinationsforløb;0;6825;0,00
2021-W32;80+;Forventet fuld effekt;8;259696;3,08
2021-W32;80+;Ikke vaccineret;3;10224;29,34
2021-W32;80+;Påbegyndt vaccinationsforløb;0;1845;0,00
2021-W33;12-15;Forventet fuld effekt;0;7993;0,00
2021-W33;12-15;Ikke vaccineret;2;120285;1,66
2021-W33;12-15;Påbegyndt vaccinationsforløb;0;155332;0,00
2021-W33;16-19;Forventet fuld effekt;0;188326;0,00
2021-W33;16-19;Ikke vaccineret;6;46571;12,88
2021-W33;16-19;Påbegyndt vaccinationsforløb;1;43268;2,31
2021-W33;20-39;Forventet fuld effekt;2;459429;0,44
2021-W33;20-39;Ikke vaccineret;70;382043;18,32
2021-W33;20-39;Påbegyndt vaccinationsforløb;5;643826;0,78
2021-W33;40-64;Forventet fuld effekt;16;1598392;1,00
2021-W33;40-64;Ikke vaccineret;52;179701;28,94
2021-W33;40-64;Påbegyndt vaccinationsforløb;8;127732;6,26
2021-W33;65-79;Forventet fuld effekt;23;857147;2,68
2021-W33;65-79;Ikke vaccineret;6;32056;18,72
2021-W33;65-79;Påbegyndt vaccinationsforløb;1;5981;16,72
2021-W33;80+;Forventet fuld effekt;11;259882;4,23
2021-W33;80+;Ikke vaccineret;2;10145;19,71
2021-W33;80+;Påbegyndt vaccinationsforløb;1;1738;57,54
2021-W34;12-15;Forventet fuld effekt;0;27811;0,00
2021-W34;12-15;Ikke vaccineret;3;108897;2,75
2021-W34;12-15;Påbegyndt vaccinationsforløb;1;146902;0,68
2021-W34;16-19;Forventet fuld effekt;1;204461;0,49
2021-W34;16-19;Ikke vaccineret;6;44478;13,49
2021-W34;16-19;Påbegyndt vaccinationsforløb;0;29226;0,00
2021-W34;20-39;Forventet fuld effekt;2;684227;0,29
2021-W34;20-39;Ikke vaccineret;57;365771;15,58
2021-W34;20-39;Påbegyndt vaccinationsforløb;4;435301;0,92
2021-W34;40-64;Forventet fuld effekt;11;1652589;0,67
2021-W34;40-64;Ikke vaccineret;38;175100;21,70
2021-W34;40-64;Påbegyndt vaccinationsforløb;6;78136;7,68
2021-W34;65-79;Forventet fuld effekt;24;858605;2,80
2021-W34;65-79;Ikke vaccineret;12;31605;37,97
2021-W34;65-79;Påbegyndt vaccinationsforløb;0;4974;0,00
2021-W34;80+;Forventet fuld effekt;16;260127;6,15
2021-W34;80+;Ikke vaccineret;6;10045;59,73
2021-W34;80+;Påbegyndt vaccinationsforløb;0;1593;0,00
2021-W35;12-15;Forventet fuld effekt;0;66250;0,00
2021-W35;12-15;Ikke vaccineret;3;100863;2,97
2021-W35;12-15;Påbegyndt vaccinationsforløb;0;116497;0,00
2021-W35;16-19;Forventet fuld effekt;0;214281;0,00
2021-W35;16-19;Ikke vaccineret;2;42836;4,67
2021-W35;16-19;Påbegyndt vaccinationsforløb;0;21048;0,00
2021-W35;20-39;Forventet fuld effekt;2;872675;0,23
2021-W35;20-39;Ikke vaccineret;51;354228;14,40
2021-W35;20-39;Påbegyndt vaccinationsforløb;6;258395;2,32
2021-W35;40-64;Forventet fuld effekt;11;1683318;0,65
2021-W35;40-64;Ikke vaccineret;47;171610;27,39
2021-W35;40-64;Påbegyndt vaccinationsforløb;6;50897;11,79
2021-W35;65-79;Forventet fuld effekt;13;859888;1,51
2021-W35;65-79;Ikke vaccineret;10;31191;32,06
2021-W35;65-79;Påbegyndt vaccinationsforløb;2;4105;48,72
2021-W35;80+;Forventet fuld effekt;16;260355;6,15
2021-W35;80+;Ikke vaccineret;9;9951;90,45
2021-W35;80+;Påbegyndt vaccinationsforløb;3;1459;205,60
2021-W36;12-15;Forventet fuld effekt;0;102968;0,00
2021-W36;12-15;Ikke vaccineret;1;95682;1,05
2021-W36;12-15;Påbegyndt vaccinationsforløb;0;84961;0,00
2021-W36;20-39;Forventet fuld effekt;3;978257;0,31
2021-W36;20-39;Ikke vaccineret;34;346822;9,80
2021-W36;20-39;Påbegyndt vaccinationsforløb;4;160219;2,50
2021-W36;40-64;Forventet fuld effekt;16;1698135;0,94
2021-W36;40-64;Ikke vaccineret;36;169128;21,29
2021-W36;40-64;Påbegyndt vaccinationsforløb;4;38562;10,37
2021-W36;65-79;Forventet fuld effekt;16;860685;1,86
2021-W36;65-79;Ikke vaccineret;6;30914;19,41
2021-W36;65-79;Påbegyndt vaccinationsforløb;1;3584;27,90
2021-W36;80+;Forventet fuld effekt;16;260522;6,14
2021-W36;80+;Ikke vaccineret;3;9889;30,34
2021-W36;80+;Påbegyndt vaccinationsforløb;1;1354;73,86
2021-W37;20-39;Forventet fuld effekt;3;1036450;0,29
2021-W37;20-39;Ikke vaccineret;13;341185;3,81
2021-W37;20-39;Påbegyndt vaccinationsforløb;3;107740;2,78
2021-W37;40-64;Forventet fuld effekt;8;1708105;0,47
2021-W37;40-64;Ikke vaccineret;24;167105;14,36
2021-W37;40-64;Påbegyndt vaccinationsforløb;2;30625;6,53
2021-W37;65-79;Forventet fuld effekt;12;861300;1,39
2021-W37;65-79;Ikke vaccineret;1;30656;3,26
2021-W37;65-79;Påbegyndt vaccinationsforløb;0;3216;0,00
2021-W37;80+;Forventet fuld effekt;17;260621;6,52
2021-W37;80+;Ikke vaccineret;0;9812;0,00
2021-W37;80+;Påbegyndt vaccinationsforløb;0;1312;0,00
2021-W38;16-19;Forventet fuld effekt;0;226727;0,00
2021-W38;16-19;Ikke vaccineret;1;40561;2,47
2021-W38;16-19;Påbegyndt vaccinationsforløb;0;11069;0,00
2021-W38;20-39;Forventet fuld effekt;3;1063648;0,28
2021-W38;20-39;Ikke vaccineret;12;337606;3,55
2021-W38;20-39;Påbegyndt vaccinationsforløb;1;85070;1,18
2021-W38;40-64;Forventet fuld effekt;6;1714150;0,35
2021-W38;40-64;Ikke vaccineret;12;165713;7,24
2021-W38;40-64;Påbegyndt vaccinationsforløb;0;26062;0,00
2021-W38;65-79;Forventet fuld effekt;17;861502;1,97
2021-W38;65-79;Ikke vaccineret;7;30418;23,01
2021-W38;65-79;Påbegyndt vaccinationsforløb;1;3006;33,27
2021-W38;80+;Forventet fuld effekt;16;260390;6,14
2021-W38;80+;Ikke vaccineret;2;9701;20,62
2021-W38;80+;Påbegyndt vaccinationsforløb;0;1288;0,00
2021-W39;12-15;Forventet fuld effekt;1;167636;0,60
2021-W39;12-15;Ikke vaccineret;0;88861;0,00
2021-W39;12-15;Påbegyndt vaccinationsforløb;0;29117;0,00
2021-W39;16-19;Forventet fuld effekt;0;228851;0,00
2021-W39;16-19;Ikke vaccineret;0;40385;0,00
2021-W39;16-19;Påbegyndt vaccinationsforløb;1;9353;10,69
2021-W39;20-39;Forventet fuld effekt;3;1082827;0,28
2021-W39;20-39;Ikke vaccineret;13;335301;3,88
2021-W39;20-39;Påbegyndt vaccinationsforløb;2;69491;2,88
2021-W39;40-64;Forventet fuld effekt;6;1718883;0,35
2021-W39;40-64;Ikke vaccineret;18;164680;10,93
2021-W39;40-64;Påbegyndt vaccinationsforløb;0;22479;0,00
2021-W39;65-79;Forventet fuld effekt;19;861608;2,21
2021-W39;65-79;Ikke vaccineret;6;30197;19,87
2021-W39;65-79;Påbegyndt vaccinationsforløb;0;2753;0,00
2021-W39;80+;Forventet fuld effekt;8;260096;3,08
2021-W39;80+;Ikke vaccineret;0;9617;0,00
2021-W39;80+;Påbegyndt vaccinationsforløb;1;1181;84,70
2021-W40;12-15;Forventet fuld effekt;0;176830;0,00
2021-W40;12-15;Ikke vaccineret;2;87968;2,27
2021-W40;12-15;Påbegyndt vaccinationsforløb;0;21879;0,00
2021-W40;16-19;Forventet fuld effekt;1;230547;0,43
2021-W40;16-19;Ikke vaccineret;2;40156;4,98
2021-W40;16-19;Påbegyndt vaccinationsforløb;0;8026;0,00
2021-W40;20-39;Forventet fuld effekt;3;1097398;0,27
2021-W40;20-39;Ikke vaccineret;23;333584;6,89
2021-W40;20-39;Påbegyndt vaccinationsforløb;0;57737;0,00
2021-W40;40-64;Forventet fuld effekt;7;1722647;0,41
2021-W40;40-64;Ikke vaccineret;21;163848;12,82
2021-W40;40-64;Påbegyndt vaccinationsforløb;1;19610;5,10
2021-W40;65-79;Forventet fuld effekt;14;861699;1,62
2021-W40;65-79;Ikke vaccineret;4;30077;13,30
2021-W40;65-79;Påbegyndt vaccinationsforløb;0;2443;0,00
2021-W40;80+;Forventet fuld effekt;15;259756;5,77
2021-W40;80+;Ikke vaccineret;1;9560;10,46
2021-W40;80+;Påbegyndt vaccinationsforløb;0;1059;0,00
2021-W41;16-19;Forventet fuld effekt;1;231751;0,43
2021-W41;16-19;Ikke vaccineret;1;39947;2,50
2021-W41;16-19;Påbegyndt vaccinationsforløb;0;7129;0,00
2021-W41;20-39;Forventet fuld effekt;4;1107657;0,36
2021-W41;20-39;Ikke vaccineret;25;331706;7,54
2021-W41;20-39;Påbegyndt vaccinationsforløb;1;50215;1,99
2021-W41;40-64;Forventet fuld effekt;16;1725447;0,93
2021-W41;40-64;Ikke vaccineret;30;163041;18,40
2021-W41;40-64;Påbegyndt vaccinationsforløb;1;17658;5,66
2021-W41;65-79;Forventet fuld effekt;32;861675;3,71
2021-W41;65-79;Ikke vaccineret;5;29982;16,68
2021-W41;65-79;Påbegyndt vaccinationsforløb;0;2207;0,00
2021-W41;80+;Forventet fuld effekt;17;259379;6,55
2021-W41;80+;Ikke vaccineret;8;9523;84,01
2021-W41;80+;Påbegyndt vaccinationsforløb;0;965;0,00
2021-W42;12-15;Forventet fuld effekt;0;186959;0,00
2021-W42;12-15;Ikke vaccineret;1;86384;1,16
2021-W42;12-15;Påbegyndt vaccinationsforløb;0;15317;0,00
2021-W42;16-19;Forventet fuld effekt;1;232646;0,43
2021-W42;16-19;Ikke vaccineret;3;39714;7,55
2021-W42;16-19;Påbegyndt vaccinationsforløb;0;6533;0,00
2021-W42;20-39;Forventet fuld effekt;5;1114225;0,45
2021-W42;20-39;Ikke vaccineret;34;329482;10,32
2021-W42;20-39;Påbegyndt vaccinationsforløb;3;46687;6,43
2021-W42;40-64;Forventet fuld effekt;19;1727406;1,10
2021-W42;40-64;Ikke vaccineret;34;162248;20,96
2021-W42;40-64;Påbegyndt vaccinationsforløb;1;16582;6,03
2021-W42;65-79;Forventet fuld effekt;43;861579;4,99
2021-W42;65-79;Ikke vaccineret;7;29868;23,44
2021-W42;65-79;Påbegyndt vaccinationsforløb;0;2086;0,00
2021-W42;80+;Forventet fuld effekt;46;258913;17,77
2021-W42;80+;Ikke vaccineret;4;9484;42,18
2021-W42;80+;Påbegyndt vaccinationsforløb;2;923;216,68
2021-W43;12-15;Forventet fuld effekt;0;190118;0,00
2021-W43;12-15;Ikke vaccineret;2;84942;2,35
2021-W43;12-15;Påbegyndt vaccinationsforløb;0;14564;0,00
2021-W43;16-19;Forventet fuld effekt;3;233321;1,29
2021-W43;16-19;Ikke vaccineret;1;39431;2,54
2021-W43;16-19;Påbegyndt vaccinationsforløb;0;6216;0,00
2021-W43;20-39;Forventet fuld effekt;11;1119818;0,98
2021-W43;20-39;Ikke vaccineret;43;326269;13,18
2021-W43;20-39;Påbegyndt vaccinationsforløb;1;44837;2,23
2021-W43;40-64;Forventet fuld effekt;34;1729138;1,97
2021-W43;40-64;Ikke vaccineret;43;161142;26,68
2021-W43;40-64;Påbegyndt vaccinationsforløb;1;16027;6,24
2021-W43;65-79;Forventet fuld effekt;69;861458;8,01
2021-W43;65-79;Ikke vaccineret;13;29702;43,77
2021-W43;65-79;Påbegyndt vaccinationsforløb;0;2020;0,00
2021-W43;80+;Forventet fuld effekt;38;258408;14,71
2021-W43;80+;Ikke vaccineret;8;9430;84,83
2021-W43;80+;Påbegyndt vaccinationsforløb;0;890;0,00
2021-W44;12-15;Forventet fuld effekt;0;192505;0,00
2021-W44;12-15;Ikke vaccineret;3;82653;3,63
2021-W44;12-15;Påbegyndt vaccinationsforløb;1;15432;6,48
2021-W44;16-19;Forventet fuld effekt;1;233786;0,43
2021-W44;16-19;Ikke vaccineret;0;39046;0,00
2021-W44;16-19;Påbegyndt vaccinationsforløb;0;6237;0,00
2021-W44;20-39;Forventet fuld effekt;13;1124362;1,16
2021-W44;20-39;Ikke vaccineret;66;321885;20,50
2021-W44;20-39;Påbegyndt vaccinationsforløb;3;45155;6,64
2021-W44;40-64;Forventet fuld effekt;47;1730456;2,72
2021-W44;40-64;Ikke vaccineret;51;159674;31,94
2021-W44;40-64;Påbegyndt vaccinationsforløb;5;16288;30,70
2021-W44;65-79;Forventet fuld effekt;70;861302;8,13
2021-W44;65-79;Ikke vaccineret;17;29515;57,60
2021-W44;65-79;Påbegyndt vaccinationsforløb;1;2051;48,76
2021-W44;80+;Forventet fuld effekt;46;257963;17,83
2021-W44;80+;Ikke vaccineret;8;9379;85,29
2021-W44;80+;Påbegyndt vaccinationsforløb;1;868;115,21
2021-W45;12-15;Forventet fuld effekt;0;195013;0,00
2021-W45;12-15;Ikke vaccineret;2;78747;2,54
2021-W45;12-15;Påbegyndt vaccinationsforløb;0;17881;0,00
2021-W45;16-19;Forventet fuld effekt;3;234276;1,28
2021-W45;16-19;Ikke vaccineret;2;38183;5,24
2021-W45;16-19;Påbegyndt vaccinationsforløb;0;6705;0,00
2021-W45;20-39;Forventet fuld effekt;14;1128717;1,24
2021-W45;20-39;Ikke vaccineret;49;313255;15,64
2021-W45;20-39;Påbegyndt vaccinationsforløb;2;49993;4,00
2021-W45;40-64;Forventet fuld effekt;52;1731795;3,00
2021-W45;40-64;Ikke vaccineret;46;156595;29,38
2021-W45;40-64;Påbegyndt vaccinationsforløb;8;18133;44,12
2021-W45;65-79;Forventet fuld effekt;101;861096;11,73
2021-W45;65-79;Ikke vaccineret;16;29178;54,84
2021-W45;65-79;Påbegyndt vaccinationsforløb;3;2222;135,00
2021-W45;80+;Forventet fuld effekt;66;257433;25,64
2021-W45;80+;Ikke vaccineret;6;9278;64,67
2021-W45;80+;Påbegyndt vaccinationsforløb;2;878;227,75
2021-W46;12-15;Forventet fuld effekt;0;197141;0,00
2021-W46;12-15;Ikke vaccineret;2;73370;2,73
2021-W46;12-15;Påbegyndt vaccinationsforløb;0;22138;0,00
2021-W46;16-19;Forventet fuld effekt;0;234769;0,00
2021-W46;16-19;Ikke vaccineret;2;36529;5,48
2021-W46;16-19;Påbegyndt vaccinationsforløb;0;7906;0,00
2021-W46;20-39;Forventet fuld effekt;21;1133163;1,85
2021-W46;20-39;Ikke vaccineret;63;299745;21,02
2021-W46;20-39;Påbegyndt vaccinationsforløb;1;59594;1,68
2021-W46;40-64;Forventet fuld effekt;68;1733159;3,92
2021-W46;40-64;Ikke vaccineret;71;151643;46,82
2021-W46;40-64;Påbegyndt vaccinationsforløb;4;21751;18,39
2021-W46;65-79;Forventet fuld effekt;98;860917;11,38
2021-W46;65-79;Ikke vaccineret;19;28722;66,15
2021-W46;65-79;Påbegyndt vaccinationsforløb;1;2508;39,87
2021-W46;80+;Forventet fuld effekt;80;256943;31,14
2021-W46;80+;Ikke vaccineret;13;9141;142,22
2021-W46;80+;Påbegyndt vaccinationsforløb;0;920;0,00
2021-W47;12-15;Forventet fuld effekt;1;199075;0,50
2021-W47;12-15;Ikke vaccineret;2;69615;2,87
2021-W47;12-15;Påbegyndt vaccinationsforløb;0;24940;0,00
2021-W47;16-19;Forventet fuld effekt;3;235374;1,27
2021-W47;16-19;Ikke vaccineret;1;35199;2,84
2021-W47;16-19;Påbegyndt vaccinationsforløb;0;8697;0,00
2021-W47;20-39;Forventet fuld effekt;33;1138264;2,90
2021-W47;20-39;Ikke vaccineret;72;289824;24,84
2021-W47;20-39;Påbegyndt vaccinationsforløb;5;64871;7,71
2021-W47;40-64;Forventet fuld effekt;74;1734684;4,27
2021-W47;40-64;Ikke vaccineret;71;148275;47,88
2021-W47;40-64;Påbegyndt vaccinationsforløb;6;23668;25,35
2021-W47;65-79;Forventet fuld effekt;105;860734;12,20
2021-W47;65-79;Ikke vaccineret;27;28360;95,21
2021-W47;65-79;Påbegyndt vaccinationsforløb;1;2684;37,26
2021-W47;80+;Forventet fuld effekt;70;256461;27,29
2021-W47;80+;Ikke vaccineret;13;9036;143,87
2021-W47;80+;Påbegyndt vaccinationsforløb;1;946;105,76
2021-W48;12-15;Forventet fuld effekt;1;201556;0,50
2021-W48;12-15;Ikke vaccineret;3;66663;4,50
2021-W48;12-15;Påbegyndt vaccinationsforløb;1;26425;3,78
2021-W48;16-19;Forventet fuld effekt;2;236091;0,85
2021-W48;16-19;Ikke vaccineret;5;33582;14,89
2021-W48;16-19;Påbegyndt vaccinationsforløb;0;9635;0,00
2021-W48;20-39;Forventet fuld effekt;24;1144254;2,10
2021-W48;20-39;Ikke vaccineret;75;280534;26,73
2021-W48;20-39;Påbegyndt vaccinationsforløb;9;68665;13,11
2021-W48;40-64;Forventet fuld effekt;87;1736532;5,01
2021-W48;40-64;Ikke vaccineret;67;145205;46,14
2021-W48;40-64;Påbegyndt vaccinationsforløb;5;25000;20,00
2021-W48;65-79;Forventet fuld effekt;124;860532;14,41
2021-W48;65-79;Ikke vaccineret;23;27987;82,18
2021-W48;65-79;Påbegyndt vaccinationsforløb;3;2834;105,87
2021-W48;80+;Forventet fuld effekt;73;255948;28,52
2021-W48;80+;Ikke vaccineret;11;8926;123,23
2021-W48;80+;Påbegyndt vaccinationsforløb;0;967;0,00
2021-W49;12-15;Forventet fuld effekt;0;204544;0,00
2021-W49;12-15;Ikke vaccineret;1;63790;1,57
2021-W49;12-15;Påbegyndt vaccinationsforløb;1;27195;3,68
2021-W49;16-19;Forventet fuld effekt;3;236800;1,27
2021-W49;16-19;Ikke vaccineret;2;32118;6,23
2021-W49;16-19;Påbegyndt vaccinationsforløb;0;10421;0,00
2021-W49;20-39;Forventet fuld effekt;44;1150251;3,83
2021-W49;20-39;Ikke vaccineret;80;272015;29,41
2021-W49;20-39;Påbegyndt vaccinationsforløb;5;71656;6,98
2021-W49;40-64;Forventet fuld effekt;115;1738473;6,62
2021-W49;40-64;Ikke vaccineret;70;142306;49,19
2021-W49;40-64;Påbegyndt vaccinationsforløb;6;26078;23,01
2021-W49;65-79;Forventet fuld effekt;119;860358;13,83
2021-W49;65-79;Ikke vaccineret;23;27614;83,29
2021-W49;65-79;Påbegyndt vaccinationsforløb;1;2971;33,66
2021-W49;80+;Forventet fuld effekt;68;255449;26,62
2021-W49;80+;Ikke vaccineret;14;8799;159,11
2021-W49;80+;Påbegyndt vaccinationsforløb;2;1005;199,00
2021-W50;12-15;Forventet fuld effekt;5;208995;2,39
2021-W50;12-15;Ikke vaccineret;5;60687;8,24
2021-W50;12-15;Påbegyndt vaccinationsforløb;2;26503;7,55
2021-W50;16-19;Forventet fuld effekt;10;237960;4,20
2021-W50;16-19;Ikke vaccineret;4;31178;12,83
2021-W50;16-19;Påbegyndt vaccinationsforløb;0;10239;0,00
2021-W50;20-39;Forventet fuld effekt;72;1158737;6,21
2021-W50;20-39;Ikke vaccineret;86;265404;32,40
2021-W50;20-39;Påbegyndt vaccinationsforløb;10;70146;14,26
2021-W50;40-64;Forventet fuld effekt;122;1741521;7,01
2021-W50;40-64;Ikke vaccineret;90;139926;64,32
2021-W50;40-64;Påbegyndt vaccinationsforløb;5;25504;19,60
2021-W50;65-79;Forventet fuld effekt;112;860270;13,02
2021-W50;65-79;Ikke vaccineret;22;27137;81,07
2021-W50;65-79;Påbegyndt vaccinationsforløb;0;3115;0,00
2021-W50;80+;Forventet fuld effekt;61;254935;23,93
2021-W50;80+;Ikke vaccineret;11;8617;127,66
2021-W50;80+;Påbegyndt vaccinationsforløb;4;1076;371,70
2021-W51;12-15;Forventet fuld effekt;1;214746;0,47
2021-W51;12-15;Ikke vaccineret;3;56721;5,29
2021-W51;12-15;Påbegyndt vaccinationsforløb;0;25189;0,00
2021-W51;16-19;Forventet fuld effekt;10;239574;4,17
2021-W51;16-19;Ikke vaccineret;2;30060;6,65
2021-W51;16-19;Påbegyndt vaccinationsforløb;1;9752;10,25
2021-W51;20-39;Forventet fuld effekt;84;1170981;7,17
2021-W51;20-39;Ikke vaccineret;79;257709;30,65
2021-W51;20-39;Påbegyndt vaccinationsforløb;20;65732;30,43
2021-W51;40-64;Forventet fuld effekt;141;1746186;8,07
2021-W51;40-64;Ikke vaccineret;106;136963;77,39
2021-W51;40-64;Påbegyndt vaccinationsforløb;5;23850;20,96
2021-W51;65-79;Forventet fuld effekt;105;860377;12,20
2021-W51;65-79;Ikke vaccineret;42;26476;158,64
2021-W51;65-79;Påbegyndt vaccinationsforløb;2;3292;60,76
2021-W51;80+;Forventet fuld effekt;73;254433;28,69
2021-W51;80+;Ikke vaccineret;21;8357;251,27
2021-W51;80+;Påbegyndt vaccinationsforløb;5;1195;418,46
2021-W52;12-15;Forventet fuld effekt;4;219883;1,82
2021-W52;12-15;Ikke vaccineret;3;55320;5,42
2021-W52;12-15;Påbegyndt vaccinationsforløb;1;21872;4,57
2021-W52;16-19;Forventet fuld effekt;15;241028;6,22
2021-W52;16-19;Ikke vaccineret;0;29498;0,00
2021-W52;16-19;Påbegyndt vaccinationsforløb;2;8853;22,59
2021-W52;20-39;Forventet fuld effekt;138;1182895;11,67
2021-W52;20-39;Ikke vaccineret;109;254027;42,91
2021-W52;20-39;Påbegyndt vaccinationsforløb;20;57490;34,79
2021-W52;40-64;Forventet fuld effekt;207;1750216;11,83
2021-W52;40-64;Ikke vaccineret;89;135733;65,57
2021-W52;40-64;Påbegyndt vaccinationsforløb;10;21031;47,55
2021-W52;65-79;Forventet fuld effekt;130;860445;15,11
2021-W52;65-79;Ikke vaccineret;36;26210;137,35
2021-W52;65-79;Påbegyndt vaccinationsforløb;5;3104;161,08
2021-W52;80+;Forventet fuld effekt;131;253952;51,58
2021-W52;80+;Ikke vaccineret;10;8240;121,36
2021-W52;80+;Påbegyndt vaccinationsforløb;3;1155;259,68
2022-W01;12-15;Forventet fuld effekt;8;224145;3,57
2022-W01;12-15;Ikke vaccineret;3;54176;5,54
2022-W01;12-15;Påbegyndt vaccinationsforløb;4;19181;20,85
2022-W01;16-19;Forventet fuld effekt;26;242661;10,71
2022-W01;16-19;Ikke vaccineret;5;29069;17,20
2022-W01;16-19;Påbegyndt vaccinationsforløb;1;7627;13,11
2022-W01;20-39;Forventet fuld effekt;156;1193101;13,08
2022-W01;20-39;Ikke vaccineret;103;250879;41,06
2022-W01;20-39;Påbegyndt vaccinationsforløb;12;50044;23,98
2022-W01;40-64;Forventet fuld effekt;193;1753658;11,01
2022-W01;40-64;Ikke vaccineret;69;134843;51,17
2022-W01;40-64;Påbegyndt vaccinationsforløb;8;18412;43,45
2022-W01;65-79;Forventet fuld effekt;139;860435;16,15
2022-W01;65-79;Ikke vaccineret;37;26027;142,16
2022-W01;65-79;Påbegyndt vaccinationsforløb;3;2893;103,69
2022-W01;80+;Forventet fuld effekt;116;253472;45,76
2022-W01;80+;Ikke vaccineret;22;8136;270,39
2022-W01;80+;Påbegyndt vaccinationsforløb;7;1107;632,18
2022-W02;12-15;Forventet fuld effekt;12;227335;5,28
2022-W02;12-15;Ikke vaccineret;12;53287;22,52
2022-W02;12-15;Påbegyndt vaccinationsforløb;2;17236;11,60
2022-W02;16-19;Forventet fuld effekt;30;243943;12,30
2022-W02;16-19;Ikke vaccineret;9;28640;31,42
2022-W02;16-19;Påbegyndt vaccinationsforløb;2;6766;29,56
2022-W02;20-39;Forventet fuld effekt;199;1200687;16,57
2022-W02;20-39;Ikke vaccineret;119;247792;48,02
2022-W02;20-39;Påbegyndt vaccinationsforløb;18;45644;39,44
2022-W02;40-64;Forventet fuld effekt;207;1756192;11,79
2022-W02;40-64;Ikke vaccineret;67;133978;50,01
2022-W02;40-64;Påbegyndt vaccinationsforløb;7;16790;41,69
2022-W02;65-79;Forventet fuld effekt;129;860292;14,99
2022-W02;65-79;Ikke vaccineret;26;25802;100,77
2022-W02;65-79;Påbegyndt vaccinationsforløb;3;2822;106,32
2022-W02;80+;Forventet fuld effekt;119;252919;47,05
2022-W02;80+;Ikke vaccineret;21;8043;261,09
2022-W02;80+;Påbegyndt vaccinationsforløb;2;1107;180,65
2022-W03;12-15;Forventet fuld effekt;20;231023;8,66
2022-W03;12-15;Ikke vaccineret;17;52822;32,18
2022-W03;12-15;Påbegyndt vaccinationsforløb;0;14318;0,00
2022-W03;16-19;Forventet fuld effekt;44;245085;17,95
2022-W03;16-19;Ikke vaccineret;12;28298;42,41
2022-W03;16-19;Påbegyndt vaccinationsforløb;0;5998;0,00
2022-W03;20-39;Forventet fuld effekt;271;1208573;22,42
2022-W03;20-39;Ikke vaccineret;136;245581;55,38
2022-W03;20-39;Påbegyndt vaccinationsforløb;22;40294;54,60
2022-W03;40-64;Forventet fuld effekt;223;1758619;12,68
2022-W03;40-64;Ikke vaccineret;50;133394;37,48
2022-W03;40-64;Påbegyndt vaccinationsforløb;7;15012;46,63
2022-W03;65-79;Forventet fuld effekt;154;860278;17,90
2022-W03;65-79;Ikke vaccineret;15;25645;58,49
2022-W03;65-79;Påbegyndt vaccinationsforløb;4;2609;153,33
2022-W03;80+;Forventet fuld effekt;141;252415;55,86
2022-W03;80+;Ikke vaccineret;17;7955;213,70
2022-W03;80+;Påbegyndt vaccinationsforløb;1;1061;94,29
2022-W04;12-15;Forventet fuld effekt;38;234572;16,20
2022-W04;12-15;Ikke vaccineret;11;52688;20,88
2022-W04;12-15;Påbegyndt vaccinationsforløb;3;11176;26,84
2022-W04;16-19;Forventet fuld effekt;38;246158;15,44
2022-W04;16-19;Ikke vaccineret;14;28106;49,81
2022-W04;16-19;Påbegyndt vaccinationsforløb;2;5188;38,55
2022-W04;20-39;Forventet fuld effekt;305;1215722;25,09
2022-W04;20-39;Ikke vaccineret;132;244006;54,10
2022-W04;20-39;Påbegyndt vaccinationsforløb;19;34935;54,39
2022-W04;40-64;Forventet fuld effekt;339;1760928;19,25
2022-W04;40-64;Ikke vaccineret;67;133061;50,35
2022-W04;40-64;Påbegyndt vaccinationsforløb;8;13096;61,09
2022-W04;65-79;Forventet fuld effekt;185;860353;21,50
2022-W04;65-79;Ikke vaccineret;25;25545;97,87
2022-W04;65-79;Påbegyndt vaccinationsforløb;1;2254;44,36
2022-W04;80+;Forventet fuld effekt;176;252025;69,83
2022-W04;80+;Ikke vaccineret;18;7895;228,00
2022-W04;80+;Påbegyndt vaccinationsforløb;1;931;107,39
